id,g(x)
0,0.9999
1,0.9997
2,0.9995
3,0.9993
4,0.999
5,0.9988
6,0.9986
7,0.9984
8,0.9982
9,0.998
10,0.9978
11,0.9976
12,0.9974
13,0.9972
14,0.997
15,0.9968
16,0.9966
17,0.9964
18,0.9962
19,0.996
20,0.9958
21,0.9956
22,0.9954
23,0.9952
24,0.995
25,0.9948
26,0.9947
27,0.9944
28,0.9942
29,0.994
30,0.9938
31,0.9936
32,0.9934
33,0.9932
34,0.993
35,0.9928
36,0.9926
37,0.9924
38,0.9922
39,0.992
40,0.9918
41,0.9916
42,0.9914
43,0.9912
44,0.991
45,0.9908
46,0.9906
47,0.9904
48,0.9902
49,0.99
50,0.9898
51,0.9896
52,0.9894
53,0.9892
54,0.989
55,0.9888
56,0.9886
57,0.9884
58,0.9882
59,0.988
60,0.9878
61,0.9876
62,0.9874
63,0.9872
64,0.987
65,0.9868
66,0.9866
67,0.9864
68,0.9862
69,0.986
70,0.9858
71,0.9856
72,0.9854
73,0.9852
74,0.985
75,0.9848
76,0.9846
77,0.9844
78,0.9842
79,0.984
80,0.9838
81,0.9836
82,0.9834
83,0.9832
84,0.983
85,0.9828
86,0.9826
87,0.9824
88,0.9822
89,0.982
90,0.9818
91,0.9816
92,0.9814
93,0.9812
94,0.981
95,0.9809
96,0.9807
97,0.9805
98,0.9803
99,0.9801
100,0.9799
101,0.9797
102,0.9795
103,0.9793
104,0.9791
105,0.9789
106,0.9787
107,0.9785
108,0.9783
109,0.9781
110,0.9779
111,0.9777
112,0.9775
113,0.9773
114,0.9771
115,0.9769
116,0.9767
117,0.9765
118,0.9763
119,0.9761
120,0.9759
121,0.9757
122,0.9755
123,0.9753
124,0.9751
125,0.9749
126,0.9747
127,0.9745
128,0.9743
129,0.9741
130,0.9739
131,0.9737
132,0.9735
133,0.9733
134,0.9731
135,0.9729
136,0.9727
137,0.9725
138,0.9723
139,0.9721
140,0.972
141,0.9718
142,0.9716
143,0.9714
144,0.9712
145,0.971
146,0.9708
147,0.9706
148,0.9704
149,0.9702
150,0.97
151,0.9698
152,0.9696
153,0.9694
154,0.9692
155,0.969
156,0.9688
157,0.9686
158,0.9684
159,0.9682
160,0.968
161,0.9679
162,0.9677
163,0.9675
164,0.9673
165,0.9671
166,0.9669
167,0.9667
168,0.9665
169,0.9663
170,0.9661
171,0.9659
172,0.9657
173,0.9655
174,0.9653
175,0.9651
176,0.9649
177,0.9647
178,0.9645
179,0.9643
180,0.9641
181,0.9639
182,0.9637
183,0.9635
184,0.9633
185,0.9631
186,0.9629
187,0.9627
188,0.9625
189,0.9623
190,0.9621
191,0.9619
192,0.9617
193,0.9615
194,0.9613
195,0.9611
196,0.961
197,0.9608
198,0.9606
199,0.9604
200,0.9602
201,0.96
202,0.9598
203,0.9596
204,0.9594
205,0.9592
206,0.959
207,0.9588
208,0.9586
209,0.9584
210,0.9582
211,0.958
212,0.9578
213,0.9576
214,0.9574
215,0.9572
216,0.957
217,0.9568
218,0.9566
219,0.9564
220,0.9562
221,0.956
222,0.9558
223,0.9556
224,0.9554
225,0.9552
226,0.955
227,0.9548
228,0.9546
229,0.9544
230,0.9542
231,0.954
232,0.9538
233,0.9536
234,0.9534
235,0.9532
236,0.953
237,0.9528
238,0.9526
239,0.9524
240,0.9522
241,0.952
242,0.9518
243,0.9516
244,0.9514
245,0.9512
246,0.951
247,0.9508
248,0.9506
249,0.9504
250,0.9502
251,0.95
252,0.9498
253,0.9496
254,0.9494
255,0.9492
256,0.949
257,0.9488
258,0.9486
259,0.9485
260,0.9483
261,0.9481
262,0.9479
263,0.9477
264,0.9475
265,0.9473
266,0.9471
267,0.9469
268,0.9467
269,0.9465
270,0.9463
271,0.9461
272,0.9459
273,0.9457
274,0.9455
275,0.9453
276,0.9451
277,0.9449
278,0.9447
279,0.9445
280,0.9443
281,0.9441
282,0.9439
283,0.9437
284,0.9435
285,0.9433
286,0.9431
287,0.9429
288,0.9427
289,0.9425
290,0.9423
291,0.9421
292,0.9419
293,0.9417
294,0.9415
295,0.9413
296,0.9411
297,0.9409
298,0.9407
299,0.9406
300,0.9404
301,0.9402
302,0.94
303,0.9398
304,0.9396
305,0.9394
306,0.9392
307,0.939
308,0.9388
309,0.9386
310,0.9384
311,0.9382
312,0.938
313,0.9378
314,0.9376
315,0.9374
316,0.9372
317,0.937
318,0.9368
319,0.9366
320,0.9364
321,0.9362
322,0.936
323,0.9358
324,0.9356
325,0.9354
326,0.9352
327,0.935
328,0.9348
329,0.9346
330,0.9345
331,0.9343
332,0.9341
333,0.9339
334,0.9337
335,0.9335
336,0.9333
337,0.9331
338,0.9329
339,0.9327
340,0.9326
341,0.9324
342,0.9322
343,0.932
344,0.9318
345,0.9316
346,0.9315
347,0.9313
348,0.9311
349,0.9309
350,0.9307
351,0.9305
352,0.9303
353,0.9301
354,0.9299
355,0.9297
356,0.9295
357,0.9294
358,0.9292
359,0.929
360,0.9288
361,0.9286
362,0.9284
363,0.9283
364,0.9281
365,0.9279
366,0.9277
367,0.9275
368,0.9273
369,0.9272
370,0.9271
371,0.9269
372,0.9267
373,0.9265
374,0.9263
375,0.9261
376,0.9259
377,0.9257
378,0.9256
379,0.9254
380,0.9252
381,0.925
382,0.9248
383,0.9246
384,0.9244
385,0.9242
386,0.924
387,0.9238
388,0.9236
389,0.9234
390,0.9232
391,0.923
392,0.9228
393,0.9226
394,0.9224
395,0.9222
396,0.922
397,0.9218
398,0.9216
399,0.9214
400,0.9212
401,0.921
402,0.9208
403,0.9207
404,0.9205
405,0.9203
406,0.9201
407,0.9199
408,0.9197
409,0.9196
410,0.9194
411,0.9192
412,0.919
413,0.9188
414,0.9186
415,0.9184
416,0.9182
417,0.918
418,0.9178
419,0.9176
420,0.9175
421,0.9173
422,0.9171
423,0.9169
424,0.9167
425,0.9165
426,0.9163
427,0.9161
428,0.9159
429,0.9157
430,0.9155
431,0.9153
432,0.9151
433,0.9149
434,0.9147
435,0.9145
436,0.9143
437,0.9141
438,0.9139
439,0.9138
440,0.9136
441,0.9134
442,0.9132
443,0.913
444,0.9128
445,0.9126
446,0.9124
447,0.9122
448,0.912
449,0.9118
450,0.9116
451,0.9114
452,0.9112
453,0.911
454,0.9108
455,0.9106
456,0.9105
457,0.9103
458,0.9101
459,0.9099
460,0.9097
461,0.9095
462,0.9093
463,0.9091
464,0.9089
465,0.9087
466,0.9085
467,0.9083
468,0.9081
469,0.9079
470,0.9077
471,0.9075
472,0.9073
473,0.9072
474,0.907
475,0.9068
476,0.9066
477,0.9064
478,0.9062
479,0.906
480,0.9058
481,0.9056
482,0.9054
483,0.9052
484,0.905
485,0.9048
486,0.9046
487,0.9045
488,0.9044
489,0.9042
490,0.904
491,0.9038
492,0.9036
493,0.9034
494,0.9032
495,0.903
496,0.9028
497,0.9026
498,0.9024
499,0.9022
500,0.902
501,0.9018
502,0.9016
503,0.9015
504,0.9013
505,0.9011
506,0.9009
507,0.9007
508,0.9005
509,0.9003
510,0.9001
511,0.8999
512,0.8997
513,0.8995
514,0.8993
515,0.8991
516,0.8989
517,0.8987
518,0.8985
519,0.8983
520,0.8981
521,0.8979
522,0.8977
523,0.8975
524,0.8974
525,0.8973
526,0.8971
527,0.8969
528,0.8967
529,0.8965
530,0.8963
531,0.8961
532,0.8959
533,0.8958
534,0.8956
535,0.8954
536,0.8953
537,0.8951
538,0.895
539,0.8948
540,0.8947
541,0.8945
542,0.8943
543,0.8941
544,0.8939
545,0.8937
546,0.8935
547,0.8933
548,0.8931
549,0.8929
550,0.8927
551,0.8925
552,0.8923
553,0.8921
554,0.8919
555,0.8917
556,0.8916
557,0.8914
558,0.8912
559,0.891
560,0.8908
561,0.8906
562,0.8904
563,0.8902
564,0.89
565,0.8899
566,0.8897
567,0.8895
568,0.8893
569,0.8891
570,0.8889
571,0.8887
572,0.8885
573,0.8883
574,0.8881
575,0.8879
576,0.8878
577,0.8876
578,0.8874
579,0.8872
580,0.887
581,0.8868
582,0.8866
583,0.8864
584,0.8862
585,0.886
586,0.8858
587,0.8856
588,0.8855
589,0.8853
590,0.8852
591,0.885
592,0.8848
593,0.8846
594,0.8844
595,0.8842
596,0.884
597,0.8838
598,0.8836
599,0.8834
600,0.8832
601,0.883
602,0.8828
603,0.8826
604,0.8825
605,0.8823
606,0.8821
607,0.8819
608,0.8817
609,0.8815
610,0.8813
611,0.8811
612,0.8809
613,0.8807
614,0.8806
615,0.8804
616,0.8802
617,0.88
618,0.8798
619,0.8796
620,0.8794
621,0.8792
622,0.879
623,0.8789
624,0.8787
625,0.8785
626,0.8783
627,0.8781
628,0.8779
629,0.8777
630,0.8775
631,0.8773
632,0.8772
633,0.877
634,0.8768
635,0.8766
636,0.8765
637,0.8763
638,0.8761
639,0.8759
640,0.8757
641,0.8755
642,0.8754
643,0.8752
644,0.875
645,0.8748
646,0.8746
647,0.8744
648,0.8742
649,0.874
650,0.8738
651,0.8736
652,0.8735
653,0.8733
654,0.8731
655,0.8729
656,0.8727
657,0.8725
658,0.8723
659,0.8721
660,0.872
661,0.8718
662,0.8716
663,0.8714
664,0.8712
665,0.871
666,0.8708
667,0.8706
668,0.8704
669,0.8702
670,0.87
671,0.8698
672,0.8697
673,0.8695
674,0.8693
675,0.8691
676,0.8689
677,0.8687
678,0.8685
679,0.8684
680,0.8682
681,0.868
682,0.8678
683,0.8676
684,0.8674
685,0.8672
686,0.867
687,0.8668
688,0.8667
689,0.8665
690,0.8663
691,0.8662
692,0.866
693,0.8659
694,0.8658
695,0.8656
696,0.8654
697,0.8652
698,0.865
699,0.8648
700,0.8646
701,0.8644
702,0.8642
703,0.864
704,0.8638
705,0.8637
706,0.8635
707,0.8633
708,0.8631
709,0.8629
710,0.8627
711,0.8625
712,0.8624
713,0.8622
714,0.862
715,0.8618
716,0.8616
717,0.8614
718,0.8612
719,0.861
720,0.8608
721,0.8606
722,0.8604
723,0.8602
724,0.86
725,0.8598
726,0.8596
727,0.8594
728,0.8592
729,0.859
730,0.8589
731,0.8587
732,0.8585
733,0.8584
734,0.8582
735,0.858
736,0.8578
737,0.8576
738,0.8574
739,0.8573
740,0.8571
741,0.8569
742,0.8567
743,0.8565
744,0.8563
745,0.8562
746,0.856
747,0.8558
748,0.8556
749,0.8554
750,0.8552
751,0.8551
752,0.8549
753,0.8547
754,0.8545
755,0.8543
756,0.8541
757,0.854
758,0.8539
759,0.8537
760,0.8536
761,0.8534
762,0.8532
763,0.853
764,0.8528
765,0.8526
766,0.8524
767,0.8523
768,0.8521
769,0.8519
770,0.8517
771,0.8515
772,0.8513
773,0.8511
774,0.851
775,0.8508
776,0.8506
777,0.8504
778,0.8503
779,0.8501
780,0.8499
781,0.8497
782,0.8495
783,0.8494
784,0.8492
785,0.849
786,0.8488
787,0.8486
788,0.8484
789,0.8482
790,0.848
791,0.8478
792,0.8476
793,0.8474
794,0.8472
795,0.847
796,0.8468
797,0.8466
798,0.8464
799,0.8462
800,0.846
801,0.8458
802,0.8456
803,0.8455
804,0.8453
805,0.8451
806,0.845
807,0.8449
808,0.8447
809,0.8446
810,0.8445
811,0.8443
812,0.8441
813,0.8439
814,0.8437
815,0.8435
816,0.8433
817,0.8431
818,0.8429
819,0.8427
820,0.8426
821,0.8424
822,0.8423
823,0.8421
824,0.8419
825,0.8418
826,0.8417
827,0.8415
828,0.8413
829,0.8411
830,0.841
831,0.8408
832,0.8406
833,0.8404
834,0.8402
835,0.84
836,0.8398
837,0.8397
838,0.8395
839,0.8393
840,0.8391
841,0.8389
842,0.8388
843,0.8386
844,0.8384
845,0.8382
846,0.838
847,0.8378
848,0.8376
849,0.8374
850,0.8372
851,0.837
852,0.8368
853,0.8366
854,0.8365
855,0.8363
856,0.8361
857,0.8359
858,0.8358
859,0.8356
860,0.8354
861,0.8352
862,0.835
863,0.8348
864,0.8346
865,0.8344
866,0.8342
867,0.8341
868,0.8339
869,0.8337
870,0.8335
871,0.8333
872,0.8332
873,0.8331
874,0.8329
875,0.8327
876,0.8325
877,0.8323
878,0.8321
879,0.8319
880,0.8318
881,0.8317
882,0.8315
883,0.8313
884,0.8311
885,0.831
886,0.8308
887,0.8306
888,0.8304
889,0.8302
890,0.83
891,0.8298
892,0.8297
893,0.8295
894,0.8293
895,0.8292
896,0.829
897,0.8289
898,0.8288
899,0.8286
900,0.8284
901,0.8282
902,0.828
903,0.8278
904,0.8276
905,0.8274
906,0.8272
907,0.827
908,0.8268
909,0.8266
910,0.8264
911,0.8262
912,0.8261
913,0.826
914,0.8258
915,0.8257
916,0.8256
917,0.8255
918,0.8253
919,0.8251
920,0.8249
921,0.8247
922,0.8245
923,0.8243
924,0.8241
925,0.8239
926,0.8237
927,0.8235
928,0.8233
929,0.8231
930,0.8229
931,0.8228
932,0.8226
933,0.8225
934,0.8223
935,0.8221
936,0.822
937,0.8218
938,0.8216
939,0.8214
940,0.8212
941,0.821
942,0.8208
943,0.8206
944,0.8204
945,0.8202
946,0.82
947,0.8198
948,0.8196
949,0.8194
950,0.8192
951,0.8191
952,0.8189
953,0.8187
954,0.8185
955,0.8183
956,0.8181
957,0.8179
958,0.8177
959,0.8175
960,0.8173
961,0.8171
962,0.817
963,0.8169
964,0.8167
965,0.8165
966,0.8163
967,0.8161
968,0.8159
969,0.8157
970,0.8156
971,0.8154
972,0.8153
973,0.8151
974,0.8148
975,0.8146
976,0.8144
977,0.8142
978,0.814
979,0.8139
980,0.8138
981,0.8136
982,0.8134
983,0.8133
984,0.8131
985,0.8129
986,0.8127
987,0.8125
988,0.8123
989,0.8121
990,0.8119
991,0.8117
992,0.8115
993,0.8113
994,0.8111
995,0.8109
996,0.8107
997,0.8106
998,0.8104
999,0.8102
1000,0.81
1001,0.8098
1002,0.8096
1003,0.8095
1004,0.8093
1005,0.8092
1006,0.809
1007,0.8088
1008,0.8086
1009,0.8084
1010,0.8082
1011,0.808
1012,0.8078
1013,0.8076
1014,0.8074
1015,0.8072
1016,0.807
1017,0.8068
1018,0.8066
1019,0.8064
1020,0.8062
1021,0.806
1022,0.8058
1023,0.8056
1024,0.8054
1025,0.8052
1026,0.805
1027,0.8048
1028,0.8047
1029,0.8045
1030,0.8044
1031,0.8043
1032,0.8042
1033,0.8041
1034,0.8039
1035,0.8037
1036,0.8035
1037,0.8033
1038,0.8031
1039,0.8029
1040,0.8027
1041,0.8025
1042,0.8023
1043,0.8022
1044,0.8021
1045,0.8019
1046,0.8017
1047,0.8015
1048,0.8013
1049,0.8011
1050,0.801
1051,0.8008
1052,0.8007
1053,0.8005
1054,0.8003
1055,0.8002
1056,0.8
1057,0.7998
1058,0.7996
1059,0.7994
1060,0.7992
1061,0.799
1062,0.7988
1063,0.7986
1064,0.7984
1065,0.7982
1066,0.798
1067,0.7978
1068,0.7976
1069,0.7974
1070,0.7972
1071,0.797
1072,0.7968
1073,0.7966
1074,0.7964
1075,0.7962
1076,0.796
1077,0.7958
1078,0.7956
1079,0.7954
1080,0.7953
1081,0.7951
1082,0.7949
1083,0.7947
1084,0.7946
1085,0.7944
1086,0.7942
1087,0.794
1088,0.7938
1089,0.7937
1090,0.7936
1091,0.7934
1092,0.7932
1093,0.793
1094,0.7928
1095,0.7927
1096,0.7925
1097,0.7923
1098,0.7921
1099,0.792
1100,0.7919
1101,0.7917
1102,0.7915
1103,0.7913
1104,0.7911
1105,0.7909
1106,0.7907
1107,0.7905
1108,0.7904
1109,0.7903
1110,0.7902
1111,0.79
1112,0.7899
1113,0.7898
1114,0.7897
1115,0.7895
1116,0.7893
1117,0.7891
1118,0.7889
1119,0.7887
1120,0.7885
1121,0.7883
1122,0.7881
1123,0.7879
1124,0.7877
1125,0.7875
1126,0.7873
1127,0.7871
1128,0.787
1129,0.7868
1130,0.7866
1131,0.7865
1132,0.7863
1133,0.7861
1134,0.7859
1135,0.7857
1136,0.7855
1137,0.7853
1138,0.7851
1139,0.7849
1140,0.7847
1141,0.7846
1142,0.7845
1143,0.7844
1144,0.7842
1145,0.784
1146,0.7838
1147,0.7836
1148,0.7835
1149,0.7833
1150,0.7831
1151,0.7829
1152,0.7828
1153,0.7827
1154,0.7825
1155,0.7823
1156,0.7821
1157,0.7819
1158,0.7817
1159,0.7816
1160,0.7815
1161,0.7814
1162,0.7812
1163,0.781
1164,0.7808
1165,0.7807
1166,0.7806
1167,0.7804
1168,0.7802
1169,0.78
1170,0.7799
1171,0.7797
1172,0.7796
1173,0.7795
1174,0.7794
1175,0.7792
1176,0.779
1177,0.7788
1178,0.7786
1179,0.7784
1180,0.7782
1181,0.778
1182,0.7778
1183,0.7776
1184,0.7774
1185,0.7773
1186,0.7771
1187,0.777
1188,0.7769
1189,0.7768
1190,0.7766
1191,0.7764
1192,0.7762
1193,0.776
1194,0.7758
1195,0.7757
1196,0.7755
1197,0.7753
1198,0.7751
1199,0.7749
1200,0.7747
1201,0.7745
1202,0.7743
1203,0.7741
1204,0.774
1205,0.7738
1206,0.7736
1207,0.7735
1208,0.7733
1209,0.7731
1210,0.7729
1211,0.7727
1212,0.7725
1213,0.7723
1214,0.7721
1215,0.7719
1216,0.7717
1217,0.7716
1218,0.7714
1219,0.7712
1220,0.771
1221,0.7708
1222,0.7707
1223,0.7705
1224,0.7703
1225,0.7701
1226,0.77
1227,0.7699
1228,0.7697
1229,0.7696
1230,0.7695
1231,0.7694
1232,0.7692
1233,0.769
1234,0.7688
1235,0.7686
1236,0.7684
1237,0.7682
1238,0.768
1239,0.7679
1240,0.7677
1241,0.7675
1242,0.7673
1243,0.7671
1244,0.7669
1245,0.7667
1246,0.7665
1247,0.7664
1248,0.7662
1249,0.766
1250,0.7658
1251,0.7656
1252,0.7654
1253,0.7652
1254,0.7651
1255,0.7649
1256,0.7647
1257,0.7646
1258,0.7645
1259,0.7644
1260,0.7642
1261,0.7641
1262,0.7638
1263,0.7636
1264,0.7634
1265,0.7632
1266,0.763
1267,0.7629
1268,0.7627
1269,0.7626
1270,0.7624
1271,0.7623
1272,0.7621
1273,0.7619
1274,0.7617
1275,0.7615
1276,0.7613
1277,0.7611
1278,0.761
1279,0.7608
1280,0.7607
1281,0.7605
1282,0.7603
1283,0.7601
1284,0.7599
1285,0.7597
1286,0.7595
1287,0.7593
1288,0.7591
1289,0.7589
1290,0.7587
1291,0.7585
1292,0.7583
1293,0.7582
1294,0.7581
1295,0.7579
1296,0.7577
1297,0.7575
1298,0.7573
1299,0.7571
1300,0.757
1301,0.7568
1302,0.7566
1303,0.7564
1304,0.7562
1305,0.756
1306,0.7559
1307,0.7557
1308,0.7555
1309,0.7553
1310,0.7551
1311,0.7549
1312,0.7548
1313,0.7546
1314,0.7544
1315,0.7542
1316,0.754
1317,0.7538
1318,0.7536
1319,0.7534
1320,0.7532
1321,0.753
1322,0.7529
1323,0.7527
1324,0.7525
1325,0.7523
1326,0.7521
1327,0.7519
1328,0.7518
1329,0.7516
1330,0.7515
1331,0.7513
1332,0.7511
1333,0.7509
1334,0.7507
1335,0.7505
1336,0.7503
1337,0.7502
1338,0.7501
1339,0.7499
1340,0.7497
1341,0.7495
1342,0.7493
1343,0.7491
1344,0.749
1345,0.7488
1346,0.7486
1347,0.7484
1348,0.7482
1349,0.748
1350,0.7479
1351,0.7477
1352,0.7476
1353,0.7474
1354,0.7472
1355,0.7471
1356,0.7469
1357,0.7467
1358,0.7466
1359,0.7464
1360,0.7463
1361,0.7462
1362,0.7461
1363,0.746
1364,0.7458
1365,0.7456
1366,0.7454
1367,0.7452
1368,0.745
1369,0.7448
1370,0.7446
1371,0.7444
1372,0.7443
1373,0.7442
1374,0.744
1375,0.7438
1376,0.7436
1377,0.7434
1378,0.7433
1379,0.7431
1380,0.7429
1381,0.7427
1382,0.7425
1383,0.7424
1384,0.7422
1385,0.742
1386,0.7418
1387,0.7417
1388,0.7415
1389,0.7413
1390,0.7412
1391,0.741
1392,0.7408
1393,0.7406
1394,0.7404
1395,0.7403
1396,0.7401
1397,0.74
1398,0.7398
1399,0.7396
1400,0.7394
1401,0.7392
1402,0.7391
1403,0.7389
1404,0.7388
1405,0.7386
1406,0.7384
1407,0.7382
1408,0.738
1409,0.7378
1410,0.7377
1411,0.7375
1412,0.7374
1413,0.7372
1414,0.7371
1415,0.737
1416,0.7368
1417,0.7366
1418,0.7364
1419,0.7362
1420,0.736
1421,0.7358
1422,0.7356
1423,0.7354
1424,0.7352
1425,0.735
1426,0.7348
1427,0.7346
1428,0.7345
1429,0.7343
1430,0.7342
1431,0.734
1432,0.7339
1433,0.7337
1434,0.7335
1435,0.7333
1436,0.7332
1437,0.7331
1438,0.733
1439,0.7329
1440,0.7327
1441,0.7325
1442,0.7323
1443,0.7321
1444,0.732
1445,0.7318
1446,0.7317
1447,0.7315
1448,0.7313
1449,0.7311
1450,0.7309
1451,0.7307
1452,0.7305
1453,0.7304
1454,0.7303
1455,0.7302
1456,0.73
1457,0.7299
1458,0.7297
1459,0.7295
1460,0.7293
1461,0.7291
1462,0.7289
1463,0.7287
1464,0.7285
1465,0.7283
1466,0.7282
1467,0.728
1468,0.7278
1469,0.7276
1470,0.7274
1471,0.7272
1472,0.727
1473,0.7268
1474,0.7266
1475,0.7264
1476,0.7263
1477,0.7261
1478,0.7259
1479,0.7257
1480,0.7256
1481,0.7254
1482,0.7252
1483,0.725
1484,0.7248
1485,0.7247
1486,0.7246
1487,0.7245
1488,0.7243
1489,0.7241
1490,0.7239
1491,0.7238
1492,0.7236
1493,0.7234
1494,0.7232
1495,0.7231
1496,0.723
1497,0.7228
1498,0.7227
1499,0.7225
1500,0.7224
1501,0.7222
1502,0.722
1503,0.7219
1504,0.7217
1505,0.7215
1506,0.7214
1507,0.7212
1508,0.721
1509,0.7208
1510,0.7206
1511,0.7204
1512,0.7202
1513,0.72
1514,0.7199
1515,0.7197
1516,0.7195
1517,0.7194
1518,0.7193
1519,0.7191
1520,0.7189
1521,0.7187
1522,0.7185
1523,0.7184
1524,0.7183
1525,0.7182
1526,0.718
1527,0.7178
1528,0.7177
1529,0.7175
1530,0.7173
1531,0.7172
1532,0.717
1533,0.7168
1534,0.7167
1535,0.7165
1536,0.7163
1537,0.7161
1538,0.7159
1539,0.7157
1540,0.7155
1541,0.7153
1542,0.7151
1543,0.7149
1544,0.7147
1545,0.7146
1546,0.7144
1547,0.7142
1548,0.714
1549,0.7138
1550,0.7137
1551,0.7135
1552,0.7133
1553,0.7131
1554,0.7129
1555,0.7127
1556,0.7125
1557,0.7123
1558,0.7121
1559,0.7119
1560,0.7117
1561,0.7116
1562,0.7114
1563,0.7113
1564,0.7111
1565,0.7109
1566,0.7107
1567,0.7105
1568,0.7103
1569,0.7102
1570,0.7101
1571,0.7099
1572,0.7097
1573,0.7095
1574,0.7093
1575,0.7092
1576,0.7091
1577,0.7089
1578,0.7087
1579,0.7085
1580,0.7084
1581,0.7083
1582,0.7082
1583,0.708
1584,0.7079
1585,0.7077
1586,0.7076
1587,0.7074
1588,0.7072
1589,0.707
1590,0.7069
1591,0.7068
1592,0.7066
1593,0.7064
1594,0.7063
1595,0.7061
1596,0.706
1597,0.7058
1598,0.7056
1599,0.7054
1600,0.7052
1601,0.705
1602,0.7048
1603,0.7046
1604,0.7044
1605,0.7042
1606,0.704
1607,0.7038
1608,0.7036
1609,0.7034
1610,0.7033
1611,0.7031
1612,0.703
1613,0.7029
1614,0.7027
1615,0.7025
1616,0.7023
1617,0.7021
1618,0.7019
1619,0.7017
1620,0.7015
1621,0.7013
1622,0.7012
1623,0.701
1624,0.7008
1625,0.7007
1626,0.7006
1627,0.7005
1628,0.7004
1629,0.7002
1630,0.7
1631,0.6999
1632,0.6997
1633,0.6995
1634,0.6993
1635,0.6991
1636,0.6989
1637,0.6987
1638,0.6986
1639,0.6984
1640,0.6982
1641,0.698
1642,0.6979
1643,0.6977
1644,0.6976
1645,0.6974
1646,0.6972
1647,0.697
1648,0.6968
1649,0.6966
1650,0.6964
1651,0.6962
1652,0.696
1653,0.6959
1654,0.6957
1655,0.6955
1656,0.6953
1657,0.6951
1658,0.6949
1659,0.6947
1660,0.6945
1661,0.6943
1662,0.6942
1663,0.694
1664,0.6939
1665,0.6937
1666,0.6935
1667,0.6933
1668,0.6932
1669,0.693
1670,0.6929
1671,0.6927
1672,0.6925
1673,0.6924
1674,0.6922
1675,0.692
1676,0.6919
1677,0.6917
1678,0.6916
1679,0.6915
1680,0.6914
1681,0.6913
1682,0.6911
1683,0.6909
1684,0.6907
1685,0.6906
1686,0.6904
1687,0.6903
1688,0.6901
1689,0.69
1690,0.6898
1691,0.6897
1692,0.6895
1693,0.6894
1694,0.6892
1695,0.689
1696,0.6888
1697,0.6887
1698,0.6885
1699,0.6884
1700,0.6882
1701,0.688
1702,0.6879
1703,0.6878
1704,0.6876
1705,0.6874
1706,0.6873
1707,0.6871
1708,0.6869
1709,0.6867
1710,0.6865
1711,0.6863
1712,0.6861
1713,0.6859
1714,0.6858
1715,0.6857
1716,0.6856
1717,0.6854
1718,0.6852
1719,0.685
1720,0.6848
1721,0.6847
1722,0.6845
1723,0.6843
1724,0.6841
1725,0.6839
1726,0.6837
1727,0.6835
1728,0.6833
1729,0.6831
1730,0.683
1731,0.6828
1732,0.6826
1733,0.6825
1734,0.6823
1735,0.6821
1736,0.682
1737,0.6818
1738,0.6816
1739,0.6814
1740,0.6812
1741,0.681
1742,0.6809
1743,0.6807
1744,0.6806
1745,0.6804
1746,0.6802
1747,0.6801
1748,0.6799
1749,0.6797
1750,0.6795
1751,0.6794
1752,0.6792
1753,0.679
1754,0.6788
1755,0.6786
1756,0.6784
1757,0.6782
1758,0.6781
1759,0.678
1760,0.6778
1761,0.6776
1762,0.6774
1763,0.6773
1764,0.6772
1765,0.6771
1766,0.6769
1767,0.6768
1768,0.6767
1769,0.6765
1770,0.6763
1771,0.6761
1772,0.676
1773,0.6758
1774,0.6757
1775,0.6755
1776,0.6753
1777,0.6751
1778,0.6749
1779,0.6748
1780,0.6746
1781,0.6745
1782,0.6744
1783,0.6742
1784,0.6741
1785,0.6739
1786,0.6737
1787,0.6735
1788,0.6733
1789,0.6731
1790,0.6729
1791,0.6727
1792,0.6726
1793,0.6724
1794,0.6723
1795,0.6721
1796,0.672
1797,0.6719
1798,0.6718
1799,0.6716
1800,0.6715
1801,0.6713
1802,0.6711
1803,0.6709
1804,0.6707
1805,0.6706
1806,0.6704
1807,0.6702
1808,0.6701
1809,0.67
1810,0.6699
1811,0.6697
1812,0.6695
1813,0.6693
1814,0.6691
1815,0.669
1816,0.6688
1817,0.6686
1818,0.6684
1819,0.6682
1820,0.668
1821,0.6679
1822,0.6677
1823,0.6675
1824,0.6673
1825,0.6672
1826,0.667
1827,0.6668
1828,0.6666
1829,0.6664
1830,0.6663
1831,0.6662
1832,0.666
1833,0.6658
1834,0.6656
1835,0.6654
1836,0.6652
1837,0.6651
1838,0.6649
1839,0.6648
1840,0.6646
1841,0.6644
1842,0.6642
1843,0.664
1844,0.6638
1845,0.6636
1846,0.6634
1847,0.6633
1848,0.6631
1849,0.663
1850,0.6628
1851,0.6627
1852,0.6625
1853,0.6624
1854,0.6622
1855,0.662
1856,0.6618
1857,0.6616
1858,0.6615
1859,0.6613
1860,0.6611
1861,0.6609
1862,0.6607
1863,0.6606
1864,0.6604
1865,0.6602
1866,0.66
1867,0.6598
1868,0.6596
1869,0.6595
1870,0.6594
1871,0.6592
1872,0.6591
1873,0.659
1874,0.6588
1875,0.6587
1876,0.6585
1877,0.6583
1878,0.6582
1879,0.658
1880,0.6579
1881,0.6577
1882,0.6575
1883,0.6573
1884,0.6572
1885,0.657
1886,0.6568
1887,0.6567
1888,0.6566
1889,0.6564
1890,0.6562
1891,0.656
1892,0.6558
1893,0.6556
1894,0.6555
1895,0.6553
1896,0.6552
1897,0.655
1898,0.6548
1899,0.6546
1900,0.6544
1901,0.6542
1902,0.654
1903,0.6538
1904,0.6536
1905,0.6534
1906,0.6533
1907,0.6531
1908,0.6529
1909,0.6528
1910,0.6526
1911,0.6525
1912,0.6523
1913,0.6522
1914,0.652
1915,0.6519
1916,0.6517
1917,0.6516
1918,0.6514
1919,0.6513
1920,0.6512
1921,0.6511
1922,0.651
1923,0.6508
1924,0.6506
1925,0.6505
1926,0.6503
1927,0.6501
1928,0.65
1929,0.6498
1930,0.6497
1931,0.6495
1932,0.6493
1933,0.6491
1934,0.6489
1935,0.6487
1936,0.6485
1937,0.6484
1938,0.6482
1939,0.648
1940,0.6478
1941,0.6476
1942,0.6474
1943,0.6473
1944,0.6471
1945,0.6469
1946,0.6468
1947,0.6467
1948,0.6466
1949,0.6465
1950,0.6464
1951,0.6462
1952,0.6461
1953,0.6459
1954,0.6457
1955,0.6455
1956,0.6453
1957,0.6451
1958,0.6449
1959,0.6447
1960,0.6446
1961,0.6444
1962,0.6442
1963,0.6441
1964,0.6439
1965,0.6437
1966,0.6435
1967,0.6434
1968,0.6433
1969,0.6432
1970,0.643
1971,0.6428
1972,0.6426
1973,0.6425
1974,0.6424
1975,0.6422
1976,0.6421
1977,0.6419
1978,0.6417
1979,0.6416
1980,0.6415
1981,0.6414
1982,0.6413
1983,0.6412
1984,0.6411
1985,0.641
1986,0.6408
1987,0.6407
1988,0.6406
1989,0.6404
1990,0.6402
1991,0.6401
1992,0.6399
1993,0.6397
1994,0.6396
1995,0.6394
1996,0.6392
1997,0.639
1998,0.6389
1999,0.6388
2000,0.6387
2001,0.6385
2002,0.6384
2003,0.6382
2004,0.6381
2005,0.6379
2006,0.6377
2007,0.6375
2008,0.6374
2009,0.6373
2010,0.6371
2011,0.637
2012,0.6368
2013,0.6366
2014,0.6365
2015,0.6363
2016,0.6362
2017,0.636
2018,0.6358
2019,0.6357
2020,0.6355
2021,0.6353
2022,0.6351
2023,0.6349
2024,0.6347
2025,0.6345
2026,0.6343
2027,0.6341
2028,0.634
2029,0.6339
2030,0.6337
2031,0.6335
2032,0.6333
2033,0.6331
2034,0.6329
2035,0.6327
2036,0.6325
2037,0.6323
2038,0.6322
2039,0.632
2040,0.6318
2041,0.6316
2042,0.6315
2043,0.6313
2044,0.6312
2045,0.6311
2046,0.631
2047,0.6308
2048,0.6306
2049,0.6304
2050,0.6303
2051,0.6302
2052,0.63
2053,0.6298
2054,0.6296
2055,0.6294
2056,0.6292
2057,0.6291
2058,0.6289
2059,0.6287
2060,0.6285
2061,0.6284
2062,0.6283
2063,0.6282
2064,0.628
2065,0.6278
2066,0.6276
2067,0.6274
2068,0.6273
2069,0.6271
2070,0.627
2071,0.6269
2072,0.6267
2073,0.6265
2074,0.6263
2075,0.6261
2076,0.6259
2077,0.6257
2078,0.6256
2079,0.6254
2080,0.6252
2081,0.625
2082,0.6249
2083,0.6247
2084,0.6246
2085,0.6244
2086,0.6242
2087,0.624
2088,0.6239
2089,0.6237
2090,0.6236
2091,0.6234
2092,0.6232
2093,0.6231
2094,0.6229
2095,0.6227
2096,0.6226
2097,0.6225
2098,0.6223
2099,0.6222
2100,0.622
2101,0.6219
2102,0.6217
2103,0.6216
2104,0.6214
2105,0.6212
2106,0.6211
2107,0.6209
2108,0.6207
2109,0.6205
2110,0.6204
2111,0.6202
2112,0.6201
2113,0.6199
2114,0.6197
2115,0.6196
2116,0.6194
2117,0.6192
2118,0.619
2119,0.6188
2120,0.6187
2121,0.6185
2122,0.6183
2123,0.6182
2124,0.618
2125,0.6178
2126,0.6176
2127,0.6174
2128,0.6173
2129,0.6171
2130,0.6169
2131,0.6168
2132,0.6166
2133,0.6165
2134,0.6163
2135,0.6161
2136,0.6159
2137,0.6157
2138,0.6155
2139,0.6154
2140,0.6152
2141,0.615
2142,0.6148
2143,0.6147
2144,0.6145
2145,0.6143
2146,0.6142
2147,0.614
2148,0.6138
2149,0.6136
2150,0.6135
2151,0.6134
2152,0.6132
2153,0.613
2154,0.6129
2155,0.6127
2156,0.6125
2157,0.6124
2158,0.6122
2159,0.612
2160,0.6119
2161,0.6118
2162,0.6117
2163,0.6115
2164,0.6113
2165,0.6111
2166,0.611
2167,0.6109
2168,0.6107
2169,0.6105
2170,0.6103
2171,0.6102
2172,0.6101
2173,0.6099
2174,0.6097
2175,0.6095
2176,0.6094
2177,0.6093
2178,0.6091
2179,0.6089
2180,0.6088
2181,0.6086
2182,0.6085
2183,0.6083
2184,0.6082
2185,0.6081
2186,0.6079
2187,0.6077
2188,0.6075
2189,0.6073
2190,0.6071
2191,0.6069
2192,0.6068
2193,0.6066
2194,0.6064
2195,0.6063
2196,0.6061
2197,0.6059
2198,0.6057
2199,0.6055
2200,0.6054
2201,0.6052
2202,0.6051
2203,0.6049
2204,0.6048
2205,0.6047
2206,0.6046
2207,0.6045
2208,0.6043
2209,0.6041
2210,0.6039
2211,0.6037
2212,0.6035
2213,0.6033
2214,0.6032
2215,0.603
2216,0.6029
2217,0.6027
2218,0.6026
2219,0.6024
2220,0.6022
2221,0.602
2222,0.6019
2223,0.6017
2224,0.6015
2225,0.6014
2226,0.6012
2227,0.601
2228,0.6008
2229,0.6007
2230,0.6005
2231,0.6003
2232,0.6001
2233,0.6
2234,0.5998
2235,0.5996
2236,0.5995
2237,0.5994
2238,0.5992
2239,0.599
2240,0.5988
2241,0.5986
2242,0.5984
2243,0.5982
2244,0.5981
2245,0.5979
2246,0.5978
2247,0.5977
2248,0.5976
2249,0.5975
2250,0.5973
2251,0.5971
2252,0.5969
2253,0.5967
2254,0.5965
2255,0.5964
2256,0.5963
2257,0.5961
2258,0.5959
2259,0.5957
2260,0.5955
2261,0.5953
2262,0.5951
2263,0.595
2264,0.5948
2265,0.5946
2266,0.5945
2267,0.5943
2268,0.5942
2269,0.594
2270,0.5938
2271,0.5936
2272,0.5934
2273,0.5932
2274,0.5931
2275,0.5929
2276,0.5927
2277,0.5926
2278,0.5925
2279,0.5923
2280,0.5921
2281,0.5919
2282,0.5918
2283,0.5916
2284,0.5915
2285,0.5913
2286,0.5912
2287,0.5911
2288,0.5909
2289,0.5907
2290,0.5905
2291,0.5903
2292,0.5902
2293,0.59
2294,0.5898
2295,0.5897
2296,0.5896
2297,0.5894
2298,0.5892
2299,0.5891
2300,0.5889
2301,0.5887
2302,0.5885
2303,0.5884
2304,0.5882
2305,0.588
2306,0.5878
2307,0.5876
2308,0.5874
2309,0.5872
2310,0.587
2311,0.5868
2312,0.5866
2313,0.5864
2314,0.5863
2315,0.5861
2316,0.586
2317,0.5858
2318,0.5857
2319,0.5855
2320,0.5853
2321,0.5851
2322,0.5849
2323,0.5847
2324,0.5845
2325,0.5843
2326,0.5842
2327,0.5841
2328,0.584
2329,0.5839
2330,0.5837
2331,0.5836
2332,0.5834
2333,0.5832
2334,0.5831
2335,0.5829
2336,0.5827
2337,0.5825
2338,0.5824
2339,0.5823
2340,0.5821
2341,0.582
2342,0.5818
2343,0.5817
2344,0.5815
2345,0.5813
2346,0.5811
2347,0.581
2348,0.5808
2349,0.5807
2350,0.5805
2351,0.5803
2352,0.5801
2353,0.58
2354,0.5798
2355,0.5797
2356,0.5795
2357,0.5794
2358,0.5792
2359,0.579
2360,0.5788
2361,0.5787
2362,0.5785
2363,0.5783
2364,0.5782
2365,0.5781
2366,0.5779
2367,0.5777
2368,0.5776
2369,0.5775
2370,0.5774
2371,0.5772
2372,0.577
2373,0.5769
2374,0.5768
2375,0.5767
2376,0.5766
2377,0.5764
2378,0.5763
2379,0.5761
2380,0.576
2381,0.5758
2382,0.5756
2383,0.5755
2384,0.5753
2385,0.5752
2386,0.5751
2387,0.5749
2388,0.5747
2389,0.5746
2390,0.5744
2391,0.5742
2392,0.5741
2393,0.574
2394,0.5738
2395,0.5737
2396,0.5736
2397,0.5734
2398,0.5733
2399,0.5731
2400,0.5729
2401,0.5728
2402,0.5727
2403,0.5725
2404,0.5724
2405,0.5722
2406,0.572
2407,0.5718
2408,0.5716
2409,0.5714
2410,0.5713
2411,0.5711
2412,0.571
2413,0.5709
2414,0.5707
2415,0.5706
2416,0.5705
2417,0.5703
2418,0.5701
2419,0.57
2420,0.5699
2421,0.5697
2422,0.5695
2423,0.5694
2424,0.5693
2425,0.5692
2426,0.5691
2427,0.569
2428,0.5689
2429,0.5687
2430,0.5685
2431,0.5683
2432,0.5682
2433,0.5681
2434,0.5679
2435,0.5677
2436,0.5675
2437,0.5674
2438,0.5673
2439,0.5671
2440,0.567
2441,0.5668
2442,0.5667
2443,0.5666
2444,0.5665
2445,0.5663
2446,0.5662
2447,0.566
2448,0.5659
2449,0.5658
2450,0.5657
2451,0.5655
2452,0.5653
2453,0.5652
2454,0.565
2455,0.5648
2456,0.5647
2457,0.5645
2458,0.5643
2459,0.5642
2460,0.564
2461,0.5639
2462,0.5638
2463,0.5636
2464,0.5635
2465,0.5634
2466,0.5633
2467,0.5632
2468,0.5631
2469,0.563
2470,0.5628
2471,0.5627
2472,0.5626
2473,0.5624
2474,0.5623
2475,0.5622
2476,0.5621
2477,0.5619
2478,0.5617
2479,0.5615
2480,0.5614
2481,0.5613
2482,0.5612
2483,0.5611
2484,0.561
2485,0.5608
2486,0.5606
2487,0.5605
2488,0.5603
2489,0.5601
2490,0.56
2491,0.5598
2492,0.5597
2493,0.5596
2494,0.5594
2495,0.5593
2496,0.5591
2497,0.559
2498,0.5589
2499,0.5588
2500,0.5586
2501,0.5585
2502,0.5583
2503,0.5582
2504,0.558
2505,0.5578
2506,0.5577
2507,0.5575
2508,0.5573
2509,0.5572
2510,0.557
2511,0.5568
2512,0.5566
2513,0.5564
2514,0.5562
2515,0.556
2516,0.5559
2517,0.5557
2518,0.5555
2519,0.5554
2520,0.5553
2521,0.5552
2522,0.555
2523,0.5549
2524,0.5547
2525,0.5545
2526,0.5543
2527,0.5541
2528,0.5539
2529,0.5537
2530,0.5536
2531,0.5535
2532,0.5534
2533,0.5532
2534,0.5531
2535,0.5529
2536,0.5527
2537,0.5525
2538,0.5524
2539,0.5523
2540,0.5522
2541,0.5521
2542,0.5519
2543,0.5517
2544,0.5516
2545,0.5514
2546,0.5513
2547,0.5511
2548,0.551
2549,0.5508
2550,0.5507
2551,0.5506
2552,0.5504
2553,0.5502
2554,0.55
2555,0.5498
2556,0.5496
2557,0.5495
2558,0.5493
2559,0.5492
2560,0.5491
2561,0.549
2562,0.5488
2563,0.5486
2564,0.5485
2565,0.5484
2566,0.5482
2567,0.548
2568,0.5479
2569,0.5477
2570,0.5476
2571,0.5474
2572,0.5472
2573,0.5471
2574,0.5469
2575,0.5467
2576,0.5466
2577,0.5465
2578,0.5464
2579,0.5462
2580,0.546
2581,0.5458
2582,0.5457
2583,0.5456
2584,0.5455
2585,0.5454
2586,0.5453
2587,0.5452
2588,0.5451
2589,0.5449
2590,0.5447
2591,0.5446
2592,0.5445
2593,0.5444
2594,0.5442
2595,0.5441
2596,0.5439
2597,0.5438
2598,0.5436
2599,0.5434
2600,0.5433
2601,0.5432
2602,0.543
2603,0.5428
2604,0.5426
2605,0.5424
2606,0.5422
2607,0.5421
2608,0.5419
2609,0.5417
2610,0.5415
2611,0.5413
2612,0.5412
2613,0.541
2614,0.5408
2615,0.5407
2616,0.5405
2617,0.5404
2618,0.5402
2619,0.5401
2620,0.54
2621,0.5398
2622,0.5397
2623,0.5396
2624,0.5394
2625,0.5393
2626,0.5391
2627,0.539
2628,0.5388
2629,0.5386
2630,0.5384
2631,0.5382
2632,0.5381
2633,0.538
2634,0.5379
2635,0.5378
2636,0.5377
2637,0.5375
2638,0.5374
2639,0.5372
2640,0.537
2641,0.5369
2642,0.5367
2643,0.5365
2644,0.5364
2645,0.5362
2646,0.5361
2647,0.536
2648,0.5359
2649,0.5358
2650,0.5357
2651,0.5356
2652,0.5354
2653,0.5353
2654,0.5351
2655,0.5349
2656,0.5348
2657,0.5347
2658,0.5345
2659,0.5343
2660,0.5342
2661,0.534
2662,0.5339
2663,0.5337
2664,0.5336
2665,0.5335
2666,0.5334
2667,0.5333
2668,0.5332
2669,0.533
2670,0.5328
2671,0.5327
2672,0.5326
2673,0.5325
2674,0.5323
2675,0.5321
2676,0.532
2677,0.5318
2678,0.5317
2679,0.5315
2680,0.5313
2681,0.5311
2682,0.531
2683,0.5309
2684,0.5308
2685,0.5307
2686,0.5305
2687,0.5303
2688,0.5301
2689,0.5299
2690,0.5297
2691,0.5295
2692,0.5294
2693,0.5293
2694,0.5292
2695,0.5291
2696,0.5289
2697,0.5287
2698,0.5285
2699,0.5284
2700,0.5282
2701,0.5281
2702,0.5279
2703,0.5278
2704,0.5276
2705,0.5275
2706,0.5273
2707,0.5271
2708,0.527
2709,0.5269
2710,0.5267
2711,0.5266
2712,0.5264
2713,0.5262
2714,0.526
2715,0.5258
2716,0.5256
2717,0.5255
2718,0.5253
2719,0.5251
2720,0.525
2721,0.5248
2722,0.5246
2723,0.5244
2724,0.5242
2725,0.5241
2726,0.5239
2727,0.5238
2728,0.5236
2729,0.5234
2730,0.5232
2731,0.5231
2732,0.5229
2733,0.5227
2734,0.5225
2735,0.5223
2736,0.5222
2737,0.5221
2738,0.522
2739,0.5218
2740,0.5216
2741,0.5215
2742,0.5214
2743,0.5213
2744,0.5212
2745,0.521
2746,0.5209
2747,0.5207
2748,0.5205
2749,0.5204
2750,0.5202
2751,0.5201
2752,0.52
2753,0.5199
2754,0.5197
2755,0.5195
2756,0.5194
2757,0.5193
2758,0.5192
2759,0.5191
2760,0.5189
2761,0.5188
2762,0.5187
2763,0.5185
2764,0.5184
2765,0.5183
2766,0.5182
2767,0.518
2768,0.5179
2769,0.5178
2770,0.5176
2771,0.5175
2772,0.5173
2773,0.5172
2774,0.5171
2775,0.517
2776,0.5168
2777,0.5166
2778,0.5165
2779,0.5163
2780,0.5162
2781,0.516
2782,0.5158
2783,0.5156
2784,0.5155
2785,0.5153
2786,0.5151
2787,0.515
2788,0.5148
2789,0.5146
2790,0.5144
2791,0.5143
2792,0.5141
2793,0.5139
2794,0.5137
2795,0.5136
2796,0.5134
2797,0.5132
2798,0.513
2799,0.5128
2800,0.5126
2801,0.5125
2802,0.5124
2803,0.5123
2804,0.5121
2805,0.512
2806,0.5119
2807,0.5118
2808,0.5117
2809,0.5116
2810,0.5115
2811,0.5113
2812,0.5112
2813,0.5111
2814,0.511
2815,0.5108
2816,0.5106
2817,0.5104
2818,0.5103
2819,0.5102
2820,0.51
2821,0.5098
2822,0.5097
2823,0.5095
2824,0.5093
2825,0.5092
2826,0.5091
2827,0.509
2828,0.5089
2829,0.5088
2830,0.5086
2831,0.5084
2832,0.5083
2833,0.5081
2834,0.5079
2835,0.5078
2836,0.5076
2837,0.5075
2838,0.5073
2839,0.5072
2840,0.5071
2841,0.507
2842,0.5068
2843,0.5067
2844,0.5065
2845,0.5064
2846,0.5062
2847,0.5061
2848,0.5059
2849,0.5057
2850,0.5056
2851,0.5055
2852,0.5053
2853,0.5051
2854,0.505
2855,0.5049
2856,0.5048
2857,0.5047
2858,0.5045
2859,0.5044
2860,0.5043
2861,0.5042
2862,0.504
2863,0.5038
2864,0.5036
2865,0.5035
2866,0.5034
2867,0.5033
2868,0.5031
2869,0.5029
2870,0.5028
2871,0.5026
2872,0.5024
2873,0.5023
2874,0.5021
2875,0.502
2876,0.5019
2877,0.5018
2878,0.5016
2879,0.5015
2880,0.5014
2881,0.5013
2882,0.5011
2883,0.501
2884,0.5008
2885,0.5007
2886,0.5006
2887,0.5005
2888,0.5004
2889,0.5003
2890,0.5001
2891,0.5
2892,0.4999
2893,0.4997
2894,0.4996
2895,0.4995
2896,0.4994
2897,0.4992
2898,0.4991
2899,0.499
2900,0.4989
2901,0.4987
2902,0.4986
2903,0.4985
2904,0.4984
2905,0.4982
2906,0.4981
2907,0.498
2908,0.4979
2909,0.4977
2910,0.4975
2911,0.4974
2912,0.4973
2913,0.4972
2914,0.497
2915,0.4968
2916,0.4967
2917,0.4965
2918,0.4963
2919,0.4962
2920,0.4961
2921,0.4959
2922,0.4958
2923,0.4956
2924,0.4954
2925,0.4953
2926,0.4952
2927,0.495
2928,0.4948
2929,0.4946
2930,0.4944
2931,0.4942
2932,0.4941
2933,0.494
2934,0.4939
2935,0.4937
2936,0.4935
2937,0.4933
2938,0.4931
2939,0.493
2940,0.4928
2941,0.4926
2942,0.4925
2943,0.4924
2944,0.4923
2945,0.4921
2946,0.492
2947,0.4918
2948,0.4916
2949,0.4915
2950,0.4913
2951,0.4911
2952,0.491
2953,0.4909
2954,0.4907
2955,0.4906
2956,0.4904
2957,0.4902
2958,0.49
2959,0.4898
2960,0.4897
2961,0.4895
2962,0.4893
2963,0.4892
2964,0.4891
2965,0.489
2966,0.4888
2967,0.4886
2968,0.4885
2969,0.4883
2970,0.4881
2971,0.4879
2972,0.4878
2973,0.4877
2974,0.4875
2975,0.4873
2976,0.4871
2977,0.4869
2978,0.4867
2979,0.4865
2980,0.4864
2981,0.4862
2982,0.486
2983,0.4858
2984,0.4857
2985,0.4856
2986,0.4855
2987,0.4853
2988,0.4851
2989,0.4849
2990,0.4847
2991,0.4845
2992,0.4844
2993,0.4843
2994,0.4842
2995,0.4841
2996,0.484
2997,0.4838
2998,0.4837
2999,0.4835
3000,0.4834
3001,0.4833
3002,0.4831
3003,0.4829
3004,0.4828
3005,0.4827
3006,0.4825
3007,0.4824
3008,0.4823
3009,0.4822
3010,0.482
3011,0.4819
3012,0.4817
3013,0.4816
3014,0.4815
3015,0.4814
3016,0.4813
3017,0.4812
3018,0.481
3019,0.4808
3020,0.4806
3021,0.4804
3022,0.4803
3023,0.4802
3024,0.48
3025,0.4798
3026,0.4796
3027,0.4795
3028,0.4793
3029,0.4791
3030,0.4789
3031,0.4787
3032,0.4786
3033,0.4784
3034,0.4782
3035,0.4781
3036,0.4779
3037,0.4778
3038,0.4777
3039,0.4775
3040,0.4773
3041,0.4771
3042,0.4769
3043,0.4767
3044,0.4766
3045,0.4765
3046,0.4763
3047,0.4762
3048,0.4761
3049,0.476
3050,0.4758
3051,0.4757
3052,0.4755
3053,0.4753
3054,0.4751
3055,0.475
3056,0.4749
3057,0.4747
3058,0.4745
3059,0.4743
3060,0.4742
3061,0.474
3062,0.4739
3063,0.4737
3064,0.4736
3065,0.4735
3066,0.4733
3067,0.4731
3068,0.473
3069,0.4728
3070,0.4726
3071,0.4725
3072,0.4724
3073,0.4722
3074,0.472
3075,0.4718
3076,0.4717
3077,0.4716
3078,0.4715
3079,0.4713
3080,0.4712
3081,0.4711
3082,0.4709
3083,0.4707
3084,0.4706
3085,0.4705
3086,0.4704
3087,0.4702
3088,0.47
3089,0.4699
3090,0.4698
3091,0.4697
3092,0.4695
3093,0.4694
3094,0.4693
3095,0.4691
3096,0.469
3097,0.4689
3098,0.4688
3099,0.4686
3100,0.4685
3101,0.4683
3102,0.4681
3103,0.468
3104,0.4678
3105,0.4677
3106,0.4675
3107,0.4673
3108,0.4672
3109,0.4671
3110,0.467
3111,0.4668
3112,0.4666
3113,0.4665
3114,0.4663
3115,0.4662
3116,0.4661
3117,0.4659
3118,0.4657
3119,0.4656
3120,0.4655
3121,0.4653
3122,0.4652
3123,0.465
3124,0.4648
3125,0.4646
3126,0.4644
3127,0.4643
3128,0.4642
3129,0.4641
3130,0.464
3131,0.4639
3132,0.4637
3133,0.4636
3134,0.4635
3135,0.4634
3136,0.4633
3137,0.4632
3138,0.4631
3139,0.4629
3140,0.4628
3141,0.4627
3142,0.4625
3143,0.4623
3144,0.4621
3145,0.462
3146,0.4619
3147,0.4617
3148,0.4615
3149,0.4614
3150,0.4612
3151,0.461
3152,0.4609
3153,0.4608
3154,0.4607
3155,0.4606
3156,0.4604
3157,0.4603
3158,0.4602
3159,0.4601
3160,0.46
3161,0.4599
3162,0.4597
3163,0.4596
3164,0.4595
3165,0.4594
3166,0.4592
3167,0.4591
3168,0.459
3169,0.4589
3170,0.4588
3171,0.4587
3172,0.4586
3173,0.4585
3174,0.4584
3175,0.4582
3176,0.4581
3177,0.458
3178,0.4579
3179,0.4578
3180,0.4577
3181,0.4575
3182,0.4574
3183,0.4572
3184,0.457
3185,0.4569
3186,0.4568
3187,0.4567
3188,0.4565
3189,0.4563
3190,0.4562
3191,0.456
3192,0.4558
3193,0.4556
3194,0.4555
3195,0.4554
3196,0.4553
3197,0.4552
3198,0.455
3199,0.4548
3200,0.4546
3201,0.4545
3202,0.4544
3203,0.4543
3204,0.4542
3205,0.4541
3206,0.4539
3207,0.4538
3208,0.4536
3209,0.4534
3210,0.4533
3211,0.4532
3212,0.4531
3213,0.4529
3214,0.4528
3215,0.4526
3216,0.4525
3217,0.4523
3218,0.4522
3219,0.4521
3220,0.4519
3221,0.4518
3222,0.4517
3223,0.4515
3224,0.4513
3225,0.4512
3226,0.4511
3227,0.451
3228,0.4509
3229,0.4508
3230,0.4507
3231,0.4506
3232,0.4505
3233,0.4504
3234,0.4503
3235,0.4501
3236,0.45
3237,0.4498
3238,0.4497
3239,0.4496
3240,0.4495
3241,0.4493
3242,0.4492
3243,0.449
3244,0.4488
3245,0.4486
3246,0.4485
3247,0.4484
3248,0.4482
3249,0.4481
3250,0.448
3251,0.4479
3252,0.4478
3253,0.4477
3254,0.4476
3255,0.4475
3256,0.4473
3257,0.4472
3258,0.4471
3259,0.4469
3260,0.4468
3261,0.4466
3262,0.4464
3263,0.4463
3264,0.4461
3265,0.446
3266,0.4458
3267,0.4456
3268,0.4454
3269,0.4452
3270,0.445
3271,0.4448
3272,0.4447
3273,0.4445
3274,0.4443
3275,0.4441
3276,0.4439
3277,0.4437
3278,0.4435
3279,0.4433
3280,0.4431
3281,0.443
3282,0.4428
3283,0.4427
3284,0.4425
3285,0.4423
3286,0.4422
3287,0.4421
3288,0.442
3289,0.4419
3290,0.4417
3291,0.4415
3292,0.4414
3293,0.4413
3294,0.4412
3295,0.4411
3296,0.4409
3297,0.4407
3298,0.4405
3299,0.4403
3300,0.4402
3301,0.4401
3302,0.44
3303,0.4398
3304,0.4397
3305,0.4396
3306,0.4395
3307,0.4393
3308,0.4392
3309,0.439
3310,0.4389
3311,0.4387
3312,0.4386
3313,0.4385
3314,0.4383
3315,0.4382
3316,0.438
3317,0.4378
3318,0.4376
3319,0.4375
3320,0.4373
3321,0.4372
3322,0.4371
3323,0.437
3324,0.4368
3325,0.4367
3326,0.4365
3327,0.4363
3328,0.4362
3329,0.4361
3330,0.436
3331,0.4359
3332,0.4358
3333,0.4356
3334,0.4354
3335,0.4352
3336,0.435
3337,0.4348
3338,0.4346
3339,0.4345
3340,0.4344
3341,0.4342
3342,0.434
3343,0.4339
3344,0.4337
3345,0.4336
3346,0.4334
3347,0.4333
3348,0.4332
3349,0.4331
3350,0.4329
3351,0.4328
3352,0.4326
3353,0.4325
3354,0.4324
3355,0.4323
3356,0.4321
3357,0.432
3358,0.4318
3359,0.4317
3360,0.4315
3361,0.4313
3362,0.4312
3363,0.4311
3364,0.4309
3365,0.4307
3366,0.4305
3367,0.4304
3368,0.4303
3369,0.4302
3370,0.4301
3371,0.4299
3372,0.4297
3373,0.4296
3374,0.4295
3375,0.4294
3376,0.4293
3377,0.4291
3378,0.4289
3379,0.4288
3380,0.4287
3381,0.4286
3382,0.4284
3383,0.4282
3384,0.4281
3385,0.428
3386,0.4278
3387,0.4277
3388,0.4276
3389,0.4274
3390,0.4272
3391,0.4271
3392,0.427
3393,0.4269
3394,0.4268
3395,0.4266
3396,0.4265
3397,0.4264
3398,0.4263
3399,0.4262
3400,0.4261
3401,0.426
3402,0.4259
3403,0.4257
3404,0.4255
3405,0.4254
3406,0.4252
3407,0.4251
3408,0.4249
3409,0.4247
3410,0.4245
3411,0.4244
3412,0.4242
3413,0.4241
3414,0.4239
3415,0.4238
3416,0.4237
3417,0.4236
3418,0.4234
3419,0.4233
3420,0.4232
3421,0.423
3422,0.4229
3423,0.4227
3424,0.4226
3425,0.4224
3426,0.4223
3427,0.4222
3428,0.422
3429,0.4218
3430,0.4217
3431,0.4216
3432,0.4215
3433,0.4213
3434,0.4211
3435,0.421
3436,0.4209
3437,0.4208
3438,0.4206
3439,0.4205
3440,0.4204
3441,0.4202
3442,0.42
3443,0.4198
3444,0.4196
3445,0.4194
3446,0.4192
3447,0.4191
3448,0.4189
3449,0.4187
3450,0.4186
3451,0.4185
3452,0.4183
3453,0.4182
3454,0.4181
3455,0.4179
3456,0.4178
3457,0.4177
3458,0.4175
3459,0.4174
3460,0.4173
3461,0.4172
3462,0.4171
3463,0.417
3464,0.4169
3465,0.4168
3466,0.4167
3467,0.4165
3468,0.4164
3469,0.4163
3470,0.4162
3471,0.416
3472,0.4158
3473,0.4157
3474,0.4156
3475,0.4155
3476,0.4154
3477,0.4153
3478,0.4151
3479,0.4149
3480,0.4148
3481,0.4147
3482,0.4145
3483,0.4144
3484,0.4143
3485,0.4142
3486,0.414
3487,0.4139
3488,0.4138
3489,0.4136
3490,0.4135
3491,0.4133
3492,0.4132
3493,0.4131
3494,0.413
3495,0.4129
3496,0.4127
3497,0.4125
3498,0.4124
3499,0.4122
3500,0.4121
3501,0.4119
3502,0.4118
3503,0.4117
3504,0.4116
3505,0.4115
3506,0.4114
3507,0.4113
3508,0.4112
3509,0.411
3510,0.4109
3511,0.4108
3512,0.4107
3513,0.4106
3514,0.4105
3515,0.4104
3516,0.4103
3517,0.4102
3518,0.4101
3519,0.41
3520,0.4098
3521,0.4096
3522,0.4094
3523,0.4092
3524,0.4091
3525,0.409
3526,0.4089
3527,0.4088
3528,0.4086
3529,0.4085
3530,0.4084
3531,0.4083
3532,0.4082
3533,0.408
3534,0.4079
3535,0.4078
3536,0.4077
3537,0.4076
3538,0.4074
3539,0.4072
3540,0.4071
3541,0.407
3542,0.4069
3543,0.4067
3544,0.4065
3545,0.4063
3546,0.4062
3547,0.406
3548,0.4059
3549,0.4058
3550,0.4057
3551,0.4055
3552,0.4054
3553,0.4053
3554,0.4052
3555,0.405
3556,0.4048
3557,0.4047
3558,0.4046
3559,0.4044
3560,0.4043
3561,0.4041
3562,0.404
3563,0.4038
3564,0.4037
3565,0.4036
3566,0.4034
3567,0.4033
3568,0.4031
3569,0.4029
3570,0.4028
3571,0.4026
3572,0.4024
3573,0.4023
3574,0.4021
3575,0.402
3576,0.4019
3577,0.4017
3578,0.4015
3579,0.4014
3580,0.4013
3581,0.4012
3582,0.4011
3583,0.4009
3584,0.4007
3585,0.4005
3586,0.4004
3587,0.4002
3588,0.4001
3589,0.3999
3590,0.3998
3591,0.3997
3592,0.3996
3593,0.3994
3594,0.3993
3595,0.3991
3596,0.399
3597,0.3989
3598,0.3988
3599,0.3986
3600,0.3985
3601,0.3984
3602,0.3983
3603,0.3981
3604,0.398
3605,0.3979
3606,0.3978
3607,0.3977
3608,0.3976
3609,0.3974
3610,0.3972
3611,0.3971
3612,0.397
3613,0.3969
3614,0.3968
3615,0.3967
3616,0.3965
3617,0.3963
3618,0.3962
3619,0.3961
3620,0.396
3621,0.3959
3622,0.3957
3623,0.3955
3624,0.3954
3625,0.3952
3626,0.3951
3627,0.3949
3628,0.3947
3629,0.3946
3630,0.3945
3631,0.3943
3632,0.3942
3633,0.3941
3634,0.394
3635,0.3939
3636,0.3938
3637,0.3936
3638,0.3934
3639,0.3933
3640,0.393
3641,0.3929
3642,0.3927
3643,0.3926
3644,0.3925
3645,0.3923
3646,0.3922
3647,0.3921
3648,0.392
3649,0.3918
3650,0.3916
3651,0.3915
3652,0.3914
3653,0.3912
3654,0.391
3655,0.3909
3656,0.3907
3657,0.3906
3658,0.3905
3659,0.3904
3660,0.3903
3661,0.3902
3662,0.3901
3663,0.39
3664,0.3898
3665,0.3897
3666,0.3895
3667,0.3893
3668,0.3892
3669,0.3891
3670,0.389
3671,0.3889
3672,0.3887
3673,0.3886
3674,0.3885
3675,0.3884
3676,0.3882
3677,0.3881
3678,0.388
3679,0.3879
3680,0.3877
3681,0.3875
3682,0.3874
3683,0.3873
3684,0.3872
3685,0.3871
3686,0.387
3687,0.3868
3688,0.3867
3689,0.3865
3690,0.3864
3691,0.3863
3692,0.3861
3693,0.386
3694,0.3858
3695,0.3857
3696,0.3855
3697,0.3853
3698,0.3851
3699,0.385
3700,0.3848
3701,0.3847
3702,0.3846
3703,0.3844
3704,0.3843
3705,0.3842
3706,0.3841
3707,0.3839
3708,0.3837
3709,0.3836
3710,0.3835
3711,0.3833
3712,0.3832
3713,0.383
3714,0.3829
3715,0.3828
3716,0.3827
3717,0.3826
3718,0.3824
3719,0.3823
3720,0.3822
3721,0.3821
3722,0.3819
3723,0.3818
3724,0.3816
3725,0.3814
3726,0.3812
3727,0.3811
3728,0.381
3729,0.3808
3730,0.3807
3731,0.3805
3732,0.3803
3733,0.3802
3734,0.3801
3735,0.3799
3736,0.3798
3737,0.3796
3738,0.3795
3739,0.3794
3740,0.3792
3741,0.3791
3742,0.3789
3743,0.3787
3744,0.3786
3745,0.3785
3746,0.3784
3747,0.3783
3748,0.3781
3749,0.378
3750,0.3779
3751,0.3777
3752,0.3776
3753,0.3775
3754,0.3774
3755,0.3773
3756,0.3771
3757,0.377
3758,0.3769
3759,0.3767
3760,0.3765
3761,0.3764
3762,0.3762
3763,0.3761
3764,0.376
3765,0.3759
3766,0.3758
3767,0.3757
3768,0.3755
3769,0.3753
3770,0.3752
3771,0.375
3772,0.3749
3773,0.3748
3774,0.3747
3775,0.3746
3776,0.3744
3777,0.3742
3778,0.3741
3779,0.3739
3780,0.3737
3781,0.3736
3782,0.3735
3783,0.3734
3784,0.3733
3785,0.3731
3786,0.3729
3787,0.3727
3788,0.3725
3789,0.3723
3790,0.3722
3791,0.3721
3792,0.372
3793,0.3719
3794,0.3717
3795,0.3716
3796,0.3715
3797,0.3713
3798,0.3712
3799,0.371
3800,0.3708
3801,0.3706
3802,0.3704
3803,0.3702
3804,0.3701
3805,0.37
3806,0.3698
3807,0.3696
3808,0.3695
3809,0.3694
3810,0.3693
3811,0.3691
3812,0.3689
3813,0.3688
3814,0.3687
3815,0.3686
3816,0.3685
3817,0.3684
3818,0.3682
3819,0.3681
3820,0.368
3821,0.3679
3822,0.3678
3823,0.3677
3824,0.3676
3825,0.3674
3826,0.3673
3827,0.3672
3828,0.3671
3829,0.367
3830,0.3669
3831,0.3667
3832,0.3666
3833,0.3664
3834,0.3662
3835,0.366
3836,0.3659
3837,0.3658
3838,0.3657
3839,0.3656
3840,0.3654
3841,0.3653
3842,0.3652
3843,0.3651
3844,0.365
3845,0.3648
3846,0.3646
3847,0.3645
3848,0.3644
3849,0.3643
3850,0.3642
3851,0.3641
3852,0.3639
3853,0.3638
3854,0.3636
3855,0.3635
3856,0.3634
3857,0.3633
3858,0.3632
3859,0.3631
3860,0.3629
3861,0.3628
3862,0.3626
3863,0.3625
3864,0.3623
3865,0.3621
3866,0.362
3867,0.3619
3868,0.3617
3869,0.3616
3870,0.3614
3871,0.3613
3872,0.3612
3873,0.361
3874,0.3608
3875,0.3607
3876,0.3606
3877,0.3604
3878,0.3603
3879,0.3601
3880,0.36
3881,0.3599
3882,0.3598
3883,0.3597
3884,0.3595
3885,0.3593
3886,0.3591
3887,0.359
3888,0.3589
3889,0.3588
3890,0.3587
3891,0.3586
3892,0.3584
3893,0.3582
3894,0.3581
3895,0.358
3896,0.3578
3897,0.3577
3898,0.3575
3899,0.3574
3900,0.3573
3901,0.3572
3902,0.3571
3903,0.3569
3904,0.3567
3905,0.3566
3906,0.3564
3907,0.3562
3908,0.3561
3909,0.3559
3910,0.3558
3911,0.3556
3912,0.3554
3913,0.3553
3914,0.3552
3915,0.355
3916,0.3549
3917,0.3547
3918,0.3545
3919,0.3544
3920,0.3543
3921,0.3542
3922,0.3541
3923,0.354
3924,0.3539
3925,0.3538
3926,0.3537
3927,0.3535
3928,0.3534
3929,0.3532
3930,0.3531
3931,0.353
3932,0.3529
3933,0.3528
3934,0.3527
3935,0.3526
3936,0.3524
3937,0.3523
3938,0.3522
3939,0.3521
3940,0.352
3941,0.3518
3942,0.3517
3943,0.3515
3944,0.3514
3945,0.3513
3946,0.3511
3947,0.351
3948,0.3509
3949,0.3507
3950,0.3506
3951,0.3504
3952,0.3503
3953,0.3502
3954,0.35
3955,0.3498
3956,0.3497
3957,0.3495
3958,0.3494
3959,0.3493
3960,0.3491
3961,0.349
3962,0.3489
3963,0.3487
3964,0.3486
3965,0.3484
3966,0.3483
3967,0.3481
3968,0.348
3969,0.3479
3970,0.3478
3971,0.3477
3972,0.3476
3973,0.3475
3974,0.3474
3975,0.3472
3976,0.347
3977,0.3469
3978,0.3467
3979,0.3466
3980,0.3464
3981,0.3463
3982,0.3462
3983,0.3461
3984,0.346
3985,0.3459
3986,0.3458
3987,0.3457
3988,0.3455
3989,0.3454
3990,0.3453
3991,0.3451
3992,0.345
3993,0.3448
3994,0.3447
3995,0.3446
3996,0.3445
3997,0.3444
3998,0.3443
3999,0.3441
4000,0.344
4001,0.3438
4002,0.3436
4003,0.3434
4004,0.3432
4005,0.3431
4006,0.343
4007,0.3429
4008,0.3428
4009,0.3426
4010,0.3425
4011,0.3424
4012,0.3423
4013,0.3422
4014,0.342
4015,0.3418
4016,0.3416
4017,0.3414
4018,0.3413
4019,0.3411
4020,0.341
4021,0.3408
4022,0.3407
4023,0.3405
4024,0.3403
4025,0.3402
4026,0.34
4027,0.3399
4028,0.3398
4029,0.3396
4030,0.3395
4031,0.3394
4032,0.3393
4033,0.3392
4034,0.339
4035,0.3388
4036,0.3387
4037,0.3385
4038,0.3384
4039,0.3383
4040,0.3382
4041,0.3381
4042,0.338
4043,0.3379
4044,0.3378
4045,0.3376
4046,0.3375
4047,0.3374
4048,0.3373
4049,0.3371
4050,0.337
4051,0.3369
4052,0.3367
4053,0.3366
4054,0.3365
4055,0.3363
4056,0.3361
4057,0.336
4058,0.3358
4059,0.3357
4060,0.3356
4061,0.3355
4062,0.3354
4063,0.3353
4064,0.3352
4065,0.3351
4066,0.3349
4067,0.3347
4068,0.3346
4069,0.3345
4070,0.3344
4071,0.3342
4072,0.334
4073,0.3339
4074,0.3338
4075,0.3337
4076,0.3336
4077,0.3335
4078,0.3333
4079,0.3332
4080,0.3331
4081,0.333
4082,0.3329
4083,0.3328
4084,0.3327
4085,0.3325
4086,0.3324
4087,0.3323
4088,0.3321
4089,0.332
4090,0.3319
4091,0.3318
4092,0.3317
4093,0.3316
4094,0.3315
4095,0.3314
4096,0.3313
4097,0.3312
4098,0.3311
4099,0.331
4100,0.3308
4101,0.3306
4102,0.3305
4103,0.3304
4104,0.3303
4105,0.3301
4106,0.3299
4107,0.3297
4108,0.3296
4109,0.3295
4110,0.3294
4111,0.3293
4112,0.3291
4113,0.329
4114,0.3289
4115,0.3288
4116,0.3286
4117,0.3284
4118,0.3283
4119,0.3282
4120,0.3281
4121,0.3279
4122,0.3277
4123,0.3276
4124,0.3275
4125,0.3274
4126,0.3273
4127,0.3271
4128,0.3269
4129,0.3267
4130,0.3266
4131,0.3264
4132,0.3263
4133,0.3262
4134,0.326
4135,0.3259
4136,0.3257
4137,0.3255
4138,0.3254
4139,0.3253
4140,0.3251
4141,0.325
4142,0.3248
4143,0.3247
4144,0.3245
4145,0.3244
4146,0.3243
4147,0.3242
4148,0.3241
4149,0.3239
4150,0.3237
4151,0.3236
4152,0.3235
4153,0.3234
4154,0.3233
4155,0.3232
4156,0.3231
4157,0.323
4158,0.3229
4159,0.3228
4160,0.3227
4161,0.3225
4162,0.3224
4163,0.3223
4164,0.3222
4165,0.322
4166,0.3218
4167,0.3217
4168,0.3215
4169,0.3214
4170,0.3213
4171,0.3212
4172,0.3211
4173,0.3209
4174,0.3208
4175,0.3206
4176,0.3205
4177,0.3204
4178,0.3202
4179,0.32
4180,0.3199
4181,0.3198
4182,0.3197
4183,0.3196
4184,0.3195
4185,0.3194
4186,0.3192
4187,0.3191
4188,0.319
4189,0.3188
4190,0.3187
4191,0.3186
4192,0.3184
4193,0.3183
4194,0.3182
4195,0.3181
4196,0.318
4197,0.3179
4198,0.3178
4199,0.3177
4200,0.3176
4201,0.3175
4202,0.3174
4203,0.3173
4204,0.3172
4205,0.3171
4206,0.317
4207,0.3169
4208,0.3167
4209,0.3166
4210,0.3165
4211,0.3164
4212,0.3162
4213,0.3161
4214,0.316
4215,0.3159
4216,0.3157
4217,0.3156
4218,0.3154
4219,0.3153
4220,0.3151
4221,0.315
4222,0.3149
4223,0.3148
4224,0.3146
4225,0.3144
4226,0.3143
4227,0.3142
4228,0.314
4229,0.3139
4230,0.3138
4231,0.3137
4232,0.3136
4233,0.3135
4234,0.3134
4235,0.3132
4236,0.3131
4237,0.313
4238,0.3128
4239,0.3127
4240,0.3126
4241,0.3125
4242,0.3124
4243,0.3123
4244,0.3122
4245,0.3121
4246,0.312
4247,0.3119
4248,0.3117
4249,0.3115
4250,0.3114
4251,0.3113
4252,0.3111
4253,0.311
4254,0.3109
4255,0.3108
4256,0.3106
4257,0.3104
4258,0.3102
4259,0.3101
4260,0.31
4261,0.3098
4262,0.3097
4263,0.3095
4264,0.3093
4265,0.3091
4266,0.309
4267,0.3089
4268,0.3088
4269,0.3087
4270,0.3085
4271,0.3083
4272,0.3082
4273,0.3081
4274,0.308
4275,0.3079
4276,0.3078
4277,0.3077
4278,0.3076
4279,0.3074
4280,0.3073
4281,0.3071
4282,0.307
4283,0.3069
4284,0.3068
4285,0.3066
4286,0.3064
4287,0.3063
4288,0.3062
4289,0.3061
4290,0.306
4291,0.3059
4292,0.3057
4293,0.3055
4294,0.3054
4295,0.3053
4296,0.3051
4297,0.3049
4298,0.3048
4299,0.3046
4300,0.3044
4301,0.3043
4302,0.3042
4303,0.304
4304,0.3039
4305,0.3038
4306,0.3036
4307,0.3035
4308,0.3034
4309,0.3032
4310,0.3031
4311,0.303
4312,0.3029
4313,0.3028
4314,0.3026
4315,0.3024
4316,0.3023
4317,0.3022
4318,0.3021
4319,0.302
4320,0.3019
4321,0.3018
4322,0.3017
4323,0.3016
4324,0.3014
4325,0.3013
4326,0.3011
4327,0.301
4328,0.3008
4329,0.3007
4330,0.3006
4331,0.3004
4332,0.3003
4333,0.3002
4334,0.3001
4335,0.3
4336,0.2998
4337,0.2996
4338,0.2995
4339,0.2993
4340,0.2991
4341,0.2989
4342,0.2988
4343,0.2987
4344,0.2986
4345,0.2985
4346,0.2983
4347,0.2982
4348,0.298
4349,0.2979
4350,0.2978
4351,0.2977
4352,0.2975
4353,0.2974
4354,0.2973
4355,0.2972
4356,0.2971
4357,0.297
4358,0.2969
4359,0.2968
4360,0.2966
4361,0.2965
4362,0.2964
4363,0.2963
4364,0.2962
4365,0.2961
4366,0.296
4367,0.2958
4368,0.2956
4369,0.2954
4370,0.2953
4371,0.2952
4372,0.2951
4373,0.295
4374,0.2949
4375,0.2948
4376,0.2947
4377,0.2946
4378,0.2945
4379,0.2944
4380,0.2943
4381,0.2942
4382,0.294
4383,0.2939
4384,0.2938
4385,0.2937
4386,0.2936
4387,0.2935
4388,0.2934
4389,0.2933
4390,0.2932
4391,0.2931
4392,0.293
4393,0.2929
4394,0.2928
4395,0.2926
4396,0.2925
4397,0.2924
4398,0.2923
4399,0.2921
4400,0.292
4401,0.2918
4402,0.2916
4403,0.2915
4404,0.2914
4405,0.2913
4406,0.2912
4407,0.291
4408,0.2909
4409,0.2907
4410,0.2905
4411,0.2904
4412,0.2903
4413,0.2902
4414,0.2901
4415,0.29
4416,0.2898
4417,0.2897
4418,0.2896
4419,0.2895
4420,0.2894
4421,0.2893
4422,0.2892
4423,0.2891
4424,0.2889
4425,0.2888
4426,0.2886
4427,0.2885
4428,0.2883
4429,0.2882
4430,0.2881
4431,0.288
4432,0.2878
4433,0.2877
4434,0.2876
4435,0.2874
4436,0.2873
4437,0.2871
4438,0.287
4439,0.2868
4440,0.2867
4441,0.2865
4442,0.2863
4443,0.2861
4444,0.286
4445,0.2859
4446,0.2858
4447,0.2856
4448,0.2855
4449,0.2854
4450,0.2853
4451,0.2852
4452,0.2851
4453,0.285
4454,0.2849
4455,0.2847
4456,0.2845
4457,0.2844
4458,0.2843
4459,0.2841
4460,0.284
4461,0.2839
4462,0.2838
4463,0.2837
4464,0.2836
4465,0.2835
4466,0.2833
4467,0.2832
4468,0.2831
4469,0.283
4470,0.2828
4471,0.2827
4472,0.2826
4473,0.2824
4474,0.2823
4475,0.2822
4476,0.2821
4477,0.282
4478,0.2819
4479,0.2818
4480,0.2817
4481,0.2815
4482,0.2814
4483,0.2812
4484,0.281
4485,0.2808
4486,0.2807
4487,0.2806
4488,0.2805
4489,0.2804
4490,0.2803
4491,0.2802
4492,0.2801
4493,0.28
4494,0.2799
4495,0.2798
4496,0.2797
4497,0.2795
4498,0.2794
4499,0.2793
4500,0.2792
4501,0.279
4502,0.2788
4503,0.2786
4504,0.2785
4505,0.2784
4506,0.2783
4507,0.2782
4508,0.2781
4509,0.278
4510,0.2779
4511,0.2778
4512,0.2777
4513,0.2776
4514,0.2774
4515,0.2773
4516,0.2772
4517,0.2771
4518,0.277
4519,0.2769
4520,0.2767
4521,0.2766
4522,0.2765
4523,0.2763
4524,0.2761
4525,0.276
4526,0.2759
4527,0.2758
4528,0.2756
4529,0.2755
4530,0.2754
4531,0.2752
4532,0.2751
4533,0.2749
4534,0.2747
4535,0.2746
4536,0.2745
4537,0.2744
4538,0.2743
4539,0.2741
4540,0.2739
4541,0.2738
4542,0.2736
4543,0.2735
4544,0.2734
4545,0.2732
4546,0.2731
4547,0.273
4548,0.2728
4549,0.2727
4550,0.2725
4551,0.2724
4552,0.2723
4553,0.2722
4554,0.2721
4555,0.272
4556,0.2718
4557,0.2716
4558,0.2715
4559,0.2713
4560,0.2712
4561,0.2711
4562,0.271
4563,0.2708
4564,0.2706
4565,0.2705
4566,0.2704
4567,0.2703
4568,0.2701
4569,0.27
4570,0.2699
4571,0.2698
4572,0.2697
4573,0.2695
4574,0.2694
4575,0.2693
4576,0.2691
4577,0.269
4578,0.2688
4579,0.2686
4580,0.2685
4581,0.2684
4582,0.2683
4583,0.2682
4584,0.2681
4585,0.2679
4586,0.2678
4587,0.2677
4588,0.2676
4589,0.2675
4590,0.2673
4591,0.2671
4592,0.267
4593,0.2669
4594,0.2668
4595,0.2667
4596,0.2665
4597,0.2664
4598,0.2663
4599,0.2662
4600,0.2661
4601,0.266
4602,0.2659
4603,0.2658
4604,0.2657
4605,0.2656
4606,0.2654
4607,0.2652
4608,0.2651
4609,0.265
4610,0.2648
4611,0.2647
4612,0.2646
4613,0.2644
4614,0.2643
4615,0.2642
4616,0.264
4617,0.2639
4618,0.2638
4619,0.2637
4620,0.2636
4621,0.2634
4622,0.2633
4623,0.2632
4624,0.2631
4625,0.263
4626,0.2629
4627,0.2627
4628,0.2625
4629,0.2624
4630,0.2623
4631,0.2622
4632,0.2621
4633,0.262
4634,0.2619
4635,0.2618
4636,0.2616
4637,0.2615
4638,0.2614
4639,0.2613
4640,0.2612
4641,0.2611
4642,0.261
4643,0.2609
4644,0.2608
4645,0.2607
4646,0.2606
4647,0.2605
4648,0.2604
4649,0.2603
4650,0.2602
4651,0.2601
4652,0.26
4653,0.2598
4654,0.2597
4655,0.2596
4656,0.2594
4657,0.2593
4658,0.2592
4659,0.259
4660,0.2588
4661,0.2587
4662,0.2586
4663,0.2584
4664,0.2583
4665,0.2582
4666,0.2581
4667,0.2579
4668,0.2578
4669,0.2577
4670,0.2576
4671,0.2575
4672,0.2574
4673,0.2572
4674,0.2571
4675,0.257
4676,0.2568
4677,0.2567
4678,0.2566
4679,0.2564
4680,0.2563
4681,0.2562
4682,0.2561
4683,0.256
4684,0.2559
4685,0.2558
4686,0.2557
4687,0.2556
4688,0.2555
4689,0.2554
4690,0.2552
4691,0.255
4692,0.2549
4693,0.2547
4694,0.2546
4695,0.2545
4696,0.2544
4697,0.2543
4698,0.2542
4699,0.2541
4700,0.2539
4701,0.2538
4702,0.2537
4703,0.2536
4704,0.2534
4705,0.2533
4706,0.2532
4707,0.2531
4708,0.253
4709,0.2528
4710,0.2527
4711,0.2526
4712,0.2525
4713,0.2524
4714,0.2523
4715,0.2521
4716,0.252
4717,0.2519
4718,0.2518
4719,0.2517
4720,0.2516
4721,0.2514
4722,0.2513
4723,0.2511
4724,0.251
4725,0.2508
4726,0.2507
4727,0.2506
4728,0.2505
4729,0.2504
4730,0.2503
4731,0.2502
4732,0.2501
4733,0.25
4734,0.2499
4735,0.2498
4736,0.2496
4737,0.2495
4738,0.2494
4739,0.2493
4740,0.2492
4741,0.2491
4742,0.249
4743,0.2489
4744,0.2488
4745,0.2487
4746,0.2485
4747,0.2484
4748,0.2483
4749,0.2482
4750,0.2481
4751,0.248
4752,0.2478
4753,0.2477
4754,0.2475
4755,0.2474
4756,0.2473
4757,0.2472
4758,0.2471
4759,0.247
4760,0.2469
4761,0.2468
4762,0.2466
4763,0.2465
4764,0.2464
4765,0.2463
4766,0.2462
4767,0.2461
4768,0.2459
4769,0.2458
4770,0.2456
4771,0.2455
4772,0.2453
4773,0.2452
4774,0.2451
4775,0.245
4776,0.2449
4777,0.2448
4778,0.2446
4779,0.2445
4780,0.2444
4781,0.2443
4782,0.2442
4783,0.2441
4784,0.244
4785,0.2438
4786,0.2437
4787,0.2436
4788,0.2435
4789,0.2434
4790,0.2432
4791,0.2431
4792,0.243
4793,0.2429
4794,0.2428
4795,0.2427
4796,0.2426
4797,0.2425
4798,0.2424
4799,0.2423
4800,0.2422
4801,0.2421
4802,0.242
4803,0.2419
4804,0.2418
4805,0.2417
4806,0.2416
4807,0.2414
4808,0.2412
4809,0.2411
4810,0.241
4811,0.2409
4812,0.2408
4813,0.2406
4814,0.2405
4815,0.2404
4816,0.2403
4817,0.2402
4818,0.2401
4819,0.2399
4820,0.2398
4821,0.2396
4822,0.2395
4823,0.2394
4824,0.2392
4825,0.2391
4826,0.239
4827,0.2389
4828,0.2387
4829,0.2386
4830,0.2385
4831,0.2384
4832,0.2382
4833,0.2381
4834,0.238
4835,0.2379
4836,0.2378
4837,0.2377
4838,0.2375
4839,0.2374
4840,0.2373
4841,0.2372
4842,0.2371
4843,0.2369
4844,0.2368
4845,0.2367
4846,0.2366
4847,0.2365
4848,0.2364
4849,0.2362
4850,0.2361
4851,0.236
4852,0.2358
4853,0.2357
4854,0.2356
4855,0.2355
4856,0.2354
4857,0.2353
4858,0.2352
4859,0.2351
4860,0.235
4861,0.2349
4862,0.2348
4863,0.2347
4864,0.2346
4865,0.2345
4866,0.2343
4867,0.2342
4868,0.2341
4869,0.234
4870,0.2338
4871,0.2337
4872,0.2336
4873,0.2334
4874,0.2332
4875,0.2331
4876,0.233
4877,0.2329
4878,0.2328
4879,0.2326
4880,0.2325
4881,0.2324
4882,0.2323
4883,0.2322
4884,0.2321
4885,0.2319
4886,0.2318
4887,0.2317
4888,0.2316
4889,0.2315
4890,0.2313
4891,0.2312
4892,0.231
4893,0.2309
4894,0.2307
4895,0.2306
4896,0.2305
4897,0.2303
4898,0.2302
4899,0.2301
4900,0.2299
4901,0.2298
4902,0.2297
4903,0.2296
4904,0.2295
4905,0.2294
4906,0.2293
4907,0.2291
4908,0.229
4909,0.2289
4910,0.2288
4911,0.2287
4912,0.2286
4913,0.2284
4914,0.2283
4915,0.2282
4916,0.2281
4917,0.228
4918,0.2278
4919,0.2277
4920,0.2276
4921,0.2275
4922,0.2274
4923,0.2273
4924,0.2272
4925,0.2271
4926,0.227
4927,0.2268
4928,0.2267
4929,0.2266
4930,0.2265
4931,0.2264
4932,0.2263
4933,0.2262
4934,0.2261
4935,0.226
4936,0.2259
4937,0.2258
4938,0.2257
4939,0.2256
4940,0.2255
4941,0.2253
4942,0.2252
4943,0.225
4944,0.2249
4945,0.2248
4946,0.2246
4947,0.2245
4948,0.2244
4949,0.2243
4950,0.2242
4951,0.2241
4952,0.224
4953,0.2239
4954,0.2238
4955,0.2237
4956,0.2236
4957,0.2235
4958,0.2233
4959,0.2231
4960,0.223
4961,0.2229
4962,0.2228
4963,0.2226
4964,0.2225
4965,0.2224
4966,0.2223
4967,0.2222
4968,0.222
4969,0.2219
4970,0.2218
4971,0.2217
4972,0.2216
4973,0.2215
4974,0.2213
4975,0.2212
4976,0.2211
4977,0.2209
4978,0.2207
4979,0.2206
4980,0.2205
4981,0.2204
4982,0.2203
4983,0.2202
4984,0.22
4985,0.2199
4986,0.2198
4987,0.2197
4988,0.2196
4989,0.2195
4990,0.2193
4991,0.2192
4992,0.2191
4993,0.219
4994,0.2189
4995,0.2188
4996,0.2187
4997,0.2185
4998,0.2183
4999,0.2182
5000,0.2181
5001,0.218
5002,0.2179
5003,0.2178
5004,0.2177
5005,0.2176
5006,0.2175
5007,0.2174
5008,0.2172
5009,0.217
5010,0.2169
5011,0.2167
5012,0.2166
5013,0.2165
5014,0.2163
5015,0.2162
5016,0.216
5017,0.2159
5018,0.2158
5019,0.2157
5020,0.2155
5021,0.2154
5022,0.2153
5023,0.2152
5024,0.2151
5025,0.215
5026,0.2148
5027,0.2146
5028,0.2145
5029,0.2143
5030,0.2141
5031,0.2139
5032,0.2138
5033,0.2137
5034,0.2135
5035,0.2134
5036,0.2133
5037,0.2132
5038,0.2131
5039,0.213
5040,0.2129
5041,0.2127
5042,0.2126
5043,0.2125
5044,0.2124
5045,0.2123
5046,0.2122
5047,0.2121
5048,0.2119
5049,0.2118
5050,0.2117
5051,0.2116
5052,0.2115
5053,0.2114
5054,0.2113
5055,0.2112
5056,0.2111
5057,0.211
5058,0.2109
5059,0.2108
5060,0.2107
5061,0.2106
5062,0.2104
5063,0.2102
5064,0.21
5065,0.2098
5066,0.2097
5067,0.2096
5068,0.2094
5069,0.2093
5070,0.2091
5071,0.209
5072,0.2089
5073,0.2088
5074,0.2087
5075,0.2086
5076,0.2085
5077,0.2084
5078,0.2083
5079,0.2081
5080,0.208
5081,0.2079
5082,0.2077
5083,0.2076
5084,0.2075
5085,0.2074
5086,0.2073
5087,0.2072
5088,0.2071
5089,0.207
5090,0.2069
5091,0.2067
5092,0.2066
5093,0.2065
5094,0.2064
5095,0.2062
5096,0.206
5097,0.2058
5098,0.2057
5099,0.2055
5100,0.2054
5101,0.2053
5102,0.2052
5103,0.205
5104,0.2049
5105,0.2047
5106,0.2046
5107,0.2044
5108,0.2042
5109,0.2041
5110,0.204
5111,0.2038
5112,0.2037
5113,0.2036
5114,0.2035
5115,0.2033
5116,0.2032
5117,0.2031
5118,0.203
5119,0.2029
5120,0.2028
5121,0.2027
5122,0.2026
5123,0.2025
5124,0.2023
5125,0.2021
5126,0.202
5127,0.2019
5128,0.2018
5129,0.2017
5130,0.2015
5131,0.2014
5132,0.2012
5133,0.2011
5134,0.201
5135,0.2009
5136,0.2008
5137,0.2007
5138,0.2006
5139,0.2005
5140,0.2003
5141,0.2002
5142,0.2001
5143,0.2
5144,0.1999
5145,0.1998
5146,0.1996
5147,0.1994
5148,0.1993
5149,0.1992
5150,0.1991
5151,0.199
5152,0.1988
5153,0.1987
5154,0.1986
5155,0.1985
5156,0.1983
5157,0.1981
5158,0.198
5159,0.1978
5160,0.1977
5161,0.1975
5162,0.1973
5163,0.1972
5164,0.1971
5165,0.1969
5166,0.1968
5167,0.1967
5168,0.1966
5169,0.1964
5170,0.1963
5171,0.1962
5172,0.1961
5173,0.196
5174,0.1959
5175,0.1958
5176,0.1957
5177,0.1956
5178,0.1955
5179,0.1954
5180,0.1953
5181,0.1952
5182,0.1951
5183,0.195
5184,0.1949
5185,0.1948
5186,0.1947
5187,0.1946
5188,0.1945
5189,0.1944
5190,0.1943
5191,0.1942
5192,0.1941
5193,0.1939
5194,0.1938
5195,0.1937
5196,0.1936
5197,0.1934
5198,0.1933
5199,0.1931
5200,0.1929
5201,0.1927
5202,0.1926
5203,0.1925
5204,0.1924
5205,0.1923
5206,0.1922
5207,0.192
5208,0.1919
5209,0.1918
5210,0.1917
5211,0.1915
5212,0.1914
5213,0.1913
5214,0.1912
5215,0.1911
5216,0.191
5217,0.1909
5218,0.1908
5219,0.1907
5220,0.1906
5221,0.1905
5222,0.1904
5223,0.1902
5224,0.1901
5225,0.19
5226,0.1899
5227,0.1898
5228,0.1897
5229,0.1895
5230,0.1893
5231,0.1892
5232,0.1891
5233,0.1889
5234,0.1888
5235,0.1887
5236,0.1886
5237,0.1885
5238,0.1884
5239,0.1883
5240,0.1882
5241,0.1881
5242,0.188
5243,0.1878
5244,0.1877
5245,0.1876
5246,0.1875
5247,0.1874
5248,0.1873
5249,0.1872
5250,0.1871
5251,0.187
5252,0.1869
5253,0.1868
5254,0.1867
5255,0.1866
5256,0.1865
5257,0.1863
5258,0.1861
5259,0.186
5260,0.1859
5261,0.1858
5262,0.1857
5263,0.1855
5264,0.1854
5265,0.1852
5266,0.1851
5267,0.185
5268,0.1849
5269,0.1847
5270,0.1846
5271,0.1845
5272,0.1843
5273,0.1842
5274,0.184
5275,0.1839
5276,0.1837
5277,0.1835
5278,0.1833
5279,0.1831
5280,0.183
5281,0.1829
5282,0.1827
5283,0.1826
5284,0.1825
5285,0.1824
5286,0.1823
5287,0.1821
5288,0.182
5289,0.1819
5290,0.1817
5291,0.1816
5292,0.1815
5293,0.1814
5294,0.1813
5295,0.1812
5296,0.1811
5297,0.181
5298,0.1808
5299,0.1807
5300,0.1806
5301,0.1805
5302,0.1804
5303,0.1803
5304,0.1802
5305,0.18
5306,0.1799
5307,0.1798
5308,0.1797
5309,0.1796
5310,0.1795
5311,0.1794
5312,0.1793
5313,0.1792
5314,0.1791
5315,0.179
5316,0.1789
5317,0.1788
5318,0.1787
5319,0.1786
5320,0.1785
5321,0.1784
5322,0.1782
5323,0.1781
5324,0.178
5325,0.1779
5326,0.1777
5327,0.1776
5328,0.1775
5329,0.1774
5330,0.1773
5331,0.1771
5332,0.177
5333,0.1769
5334,0.1768
5335,0.1767
5336,0.1766
5337,0.1765
5338,0.1764
5339,0.1763
5340,0.1762
5341,0.1761
5342,0.176
5343,0.1759
5344,0.1758
5345,0.1757
5346,0.1756
5347,0.1755
5348,0.1754
5349,0.1753
5350,0.1752
5351,0.1751
5352,0.175
5353,0.1749
5354,0.1748
5355,0.1747
5356,0.1746
5357,0.1745
5358,0.1744
5359,0.1743
5360,0.1742
5361,0.174
5362,0.1739
5363,0.1738
5364,0.1737
5365,0.1736
5366,0.1735
5367,0.1734
5368,0.1732
5369,0.1731
5370,0.173
5371,0.1729
5372,0.1727
5373,0.1726
5374,0.1725
5375,0.1724
5376,0.1722
5377,0.1721
5378,0.172
5379,0.1719
5380,0.1718
5381,0.1717
5382,0.1716
5383,0.1714
5384,0.1713
5385,0.1712
5386,0.1711
5387,0.1709
5388,0.1708
5389,0.1707
5390,0.1706
5391,0.1705
5392,0.1703
5393,0.1702
5394,0.1701
5395,0.17
5396,0.1699
5397,0.1698
5398,0.1696
5399,0.1695
5400,0.1694
5401,0.1693
5402,0.1692
5403,0.169
5404,0.1689
5405,0.1688
5406,0.1687
5407,0.1686
5408,0.1685
5409,0.1684
5410,0.1682
5411,0.1681
5412,0.168
5413,0.1679
5414,0.1677
5415,0.1675
5416,0.1674
5417,0.1673
5418,0.1672
5419,0.1671
5420,0.167
5421,0.1669
5422,0.1668
5423,0.1667
5424,0.1665
5425,0.1664
5426,0.1663
5427,0.1662
5428,0.1661
5429,0.166
5430,0.1658
5431,0.1657
5432,0.1656
5433,0.1655
5434,0.1654
5435,0.1653
5436,0.1652
5437,0.1651
5438,0.165
5439,0.1649
5440,0.1648
5441,0.1647
5442,0.1646
5443,0.1645
5444,0.1644
5445,0.1643
5446,0.1642
5447,0.1641
5448,0.164
5449,0.1639
5450,0.1638
5451,0.1637
5452,0.1636
5453,0.1634
5454,0.1633
5455,0.1631
5456,0.163
5457,0.1629
5458,0.1628
5459,0.1627
5460,0.1625
5461,0.1623
5462,0.1622
5463,0.1621
5464,0.162
5465,0.1619
5466,0.1618
5467,0.1616
5468,0.1615
5469,0.1614
5470,0.1613
5471,0.1611
5472,0.161
5473,0.1609
5474,0.1607
5475,0.1606
5476,0.1605
5477,0.1604
5478,0.1603
5479,0.1602
5480,0.16
5481,0.1599
5482,0.1598
5483,0.1597
5484,0.1596
5485,0.1595
5486,0.1594
5487,0.1593
5488,0.1592
5489,0.159
5490,0.1589
5491,0.1588
5492,0.1587
5493,0.1585
5494,0.1584
5495,0.1583
5496,0.1582
5497,0.1581
5498,0.158
5499,0.1579
5500,0.1578
5501,0.1576
5502,0.1575
5503,0.1573
5504,0.1572
5505,0.1571
5506,0.157
5507,0.1569
5508,0.1568
5509,0.1566
5510,0.1565
5511,0.1564
5512,0.1563
5513,0.1562
5514,0.1561
5515,0.156
5516,0.1559
5517,0.1558
5518,0.1557
5519,0.1556
5520,0.1555
5521,0.1553
5522,0.1552
5523,0.155
5524,0.1549
5525,0.1548
5526,0.1547
5527,0.1545
5528,0.1544
5529,0.1542
5530,0.1541
5531,0.154
5532,0.1539
5533,0.1538
5534,0.1537
5535,0.1536
5536,0.1535
5537,0.1534
5538,0.1533
5539,0.1531
5540,0.153
5541,0.1529
5542,0.1528
5543,0.1526
5544,0.1524
5545,0.1523
5546,0.1522
5547,0.1521
5548,0.152
5549,0.1519
5550,0.1518
5551,0.1516
5552,0.1514
5553,0.1513
5554,0.1512
5555,0.1511
5556,0.151
5557,0.1508
5558,0.1507
5559,0.1506
5560,0.1505
5561,0.1504
5562,0.1503
5563,0.1502
5564,0.1501
5565,0.15
5566,0.1498
5567,0.1497
5568,0.1496
5569,0.1494
5570,0.1493
5571,0.1492
5572,0.1491
5573,0.149
5574,0.1489
5575,0.1487
5576,0.1486
5577,0.1485
5578,0.1484
5579,0.1483
5580,0.1482
5581,0.1481
5582,0.148
5583,0.1479
5584,0.1478
5585,0.1477
5586,0.1476
5587,0.1475
5588,0.1474
5589,0.1473
5590,0.1472
5591,0.1471
5592,0.147
5593,0.1469
5594,0.1468
5595,0.1467
5596,0.1466
5597,0.1465
5598,0.1464
5599,0.1463
5600,0.1462
5601,0.1461
5602,0.146
5603,0.1459
5604,0.1458
5605,0.1457
5606,0.1456
5607,0.1455
5608,0.1454
5609,0.1453
5610,0.1452
5611,0.1451
5612,0.145
5613,0.1449
5614,0.1448
5615,0.1447
5616,0.1446
5617,0.1444
5618,0.1443
5619,0.1442
5620,0.1441
5621,0.144
5622,0.1439
5623,0.1438
5624,0.1437
5625,0.1436
5626,0.1435
5627,0.1434
5628,0.1433
5629,0.1432
5630,0.1431
5631,0.143
5632,0.1429
5633,0.1428
5634,0.1426
5635,0.1425
5636,0.1424
5637,0.1423
5638,0.1422
5639,0.1421
5640,0.142
5641,0.1419
5642,0.1417
5643,0.1416
5644,0.1415
5645,0.1414
5646,0.1413
5647,0.1412
5648,0.1411
5649,0.141
5650,0.1408
5651,0.1406
5652,0.1405
5653,0.1404
5654,0.1403
5655,0.1401
5656,0.14
5657,0.1399
5658,0.1398
5659,0.1397
5660,0.1395
5661,0.1393
5662,0.1392
5663,0.1391
5664,0.139
5665,0.1389
5666,0.1388
5667,0.1387
5668,0.1386
5669,0.1385
5670,0.1384
5671,0.1383
5672,0.1382
5673,0.1381
5674,0.138
5675,0.1379
5676,0.1378
5677,0.1377
5678,0.1376
5679,0.1375
5680,0.1373
5681,0.1372
5682,0.1371
5683,0.137
5684,0.1368
5685,0.1367
5686,0.1366
5687,0.1365
5688,0.1364
5689,0.1363
5690,0.1362
5691,0.136
5692,0.1359
5693,0.1358
5694,0.1357
5695,0.1356
5696,0.1355
5697,0.1353
5698,0.1351
5699,0.135
5700,0.1349
5701,0.1348
5702,0.1346
5703,0.1345
5704,0.1344
5705,0.1343
5706,0.1342
5707,0.1341
5708,0.134
5709,0.1339
5710,0.1338
5711,0.1337
5712,0.1336
5713,0.1334
5714,0.1333
5715,0.1332
5716,0.1331
5717,0.133
5718,0.1329
5719,0.1328
5720,0.1327
5721,0.1326
5722,0.1325
5723,0.1324
5724,0.1323
5725,0.1322
5726,0.1321
5727,0.1319
5728,0.1317
5729,0.1316
5730,0.1315
5731,0.1314
5732,0.1313
5733,0.1311
5734,0.131
5735,0.1309
5736,0.1308
5737,0.1306
5738,0.1305
5739,0.1304
5740,0.1303
5741,0.1302
5742,0.1301
5743,0.1299
5744,0.1298
5745,0.1297
5746,0.1296
5747,0.1295
5748,0.1294
5749,0.1292
5750,0.1291
5751,0.129
5752,0.1289
5753,0.1288
5754,0.1286
5755,0.1284
5756,0.1283
5757,0.1282
5758,0.128
5759,0.1279
5760,0.1278
5761,0.1277
5762,0.1276
5763,0.1275
5764,0.1274
5765,0.1273
5766,0.1271
5767,0.127
5768,0.1268
5769,0.1267
5770,0.1265
5771,0.1264
5772,0.1263
5773,0.1261
5774,0.126
5775,0.1259
5776,0.1257
5777,0.1256
5778,0.1254
5779,0.1253
5780,0.1252
5781,0.1251
5782,0.125
5783,0.1249
5784,0.1248
5785,0.1247
5786,0.1245
5787,0.1244
5788,0.1243
5789,0.1242
5790,0.1241
5791,0.124
5792,0.1239
5793,0.1237
5794,0.1236
5795,0.1235
5796,0.1234
5797,0.1233
5798,0.1232
5799,0.1231
5800,0.123
5801,0.1229
5802,0.1228
5803,0.1227
5804,0.1226
5805,0.1225
5806,0.1224
5807,0.1223
5808,0.1222
5809,0.1221
5810,0.1219
5811,0.1218
5812,0.1217
5813,0.1216
5814,0.1215
5815,0.1213
5816,0.1212
5817,0.1211
5818,0.121
5819,0.1209
5820,0.1208
5821,0.1206
5822,0.1204
5823,0.1203
5824,0.1202
5825,0.1201
5826,0.12
5827,0.1199
5828,0.1198
5829,0.1197
5830,0.1196
5831,0.1195
5832,0.1194
5833,0.1193
5834,0.1192
5835,0.1191
5836,0.119
5837,0.1189
5838,0.1188
5839,0.1187
5840,0.1185
5841,0.1184
5842,0.1182
5843,0.1181
5844,0.118
5845,0.1178
5846,0.1177
5847,0.1176
5848,0.1175
5849,0.1174
5850,0.1172
5851,0.1171
5852,0.117
5853,0.1169
5854,0.1168
5855,0.1167
5856,0.1166
5857,0.1165
5858,0.1164
5859,0.1163
5860,0.1162
5861,0.1161
5862,0.116
5863,0.1159
5864,0.1158
5865,0.1157
5866,0.1156
5867,0.1154
5868,0.1153
5869,0.1152
5870,0.1151
5871,0.1149
5872,0.1148
5873,0.1147
5874,0.1146
5875,0.1145
5876,0.1144
5877,0.1143
5878,0.1142
5879,0.1141
5880,0.114
5881,0.1139
5882,0.1138
5883,0.1137
5884,0.1135
5885,0.1134
5886,0.1133
5887,0.1132
5888,0.1131
5889,0.113
5890,0.1129
5891,0.1128
5892,0.1127
5893,0.1126
5894,0.1125
5895,0.1124
5896,0.1123
5897,0.1122
5898,0.1121
5899,0.112
5900,0.1119
5901,0.1118
5902,0.1116
5903,0.1115
5904,0.1114
5905,0.1113
5906,0.1112
5907,0.111
5908,0.1108
5909,0.1107
5910,0.1106
5911,0.1105
5912,0.1104
5913,0.1103
5914,0.1102
5915,0.1101
5916,0.11
5917,0.1099
5918,0.1098
5919,0.1097
5920,0.1096
5921,0.1095
5922,0.1094
5923,0.1093
5924,0.1092
5925,0.1091
5926,0.109
5927,0.1089
5928,0.1088
5929,0.1087
5930,0.1086
5931,0.1085
5932,0.1084
5933,0.1082
5934,0.1081
5935,0.108
5936,0.1079
5937,0.1078
5938,0.1077
5939,0.1076
5940,0.1075
5941,0.1074
5942,0.1072
5943,0.1071
5944,0.107
5945,0.1069
5946,0.1068
5947,0.1067
5948,0.1066
5949,0.1065
5950,0.1064
5951,0.1062
5952,0.1061
5953,0.106
5954,0.1059
5955,0.1058
5956,0.1057
5957,0.1056
5958,0.1055
5959,0.1054
5960,0.1053
5961,0.1052
5962,0.1051
5963,0.105
5964,0.1048
5965,0.1046
5966,0.1045
5967,0.1044
5968,0.1043
5969,0.1042
5970,0.1041
5971,0.104
5972,0.1039
5973,0.1038
5974,0.1037
5975,0.1036
5976,0.1035
5977,0.1034
5978,0.1033
5979,0.1032
5980,0.1031
5981,0.103
5982,0.1029
5983,0.1028
5984,0.1027
5985,0.1026
5986,0.1025
5987,0.1024
5988,0.1023
5989,0.1022
5990,0.1021
5991,0.102
5992,0.1019
5993,0.1018
5994,0.1017
5995,0.1016
5996,0.1014
5997,0.1013
5998,0.1012
5999,0.1011
6000,0.101
6001,0.1009
6002,0.1008
6003,0.1007
6004,0.1006
6005,0.1005
6006,0.1004
6007,0.1002
6008,0.1001
6009,0.1
6010,0.0999
6011,0.0998
6012,0.0997
6013,0.0996
6014,0.0995
6015,0.0994
6016,0.0993
6017,0.0992
6018,0.0991
6019,0.0989
6020,0.0988
6021,0.0987
6022,0.0985
6023,0.0984
6024,0.0983
6025,0.0982
6026,0.0981
6027,0.098
6028,0.0978
6029,0.0977
6030,0.0976
6031,0.0975
6032,0.0974
6033,0.0973
6034,0.0971
6035,0.097
6036,0.0969
6037,0.0968
6038,0.0967
6039,0.0966
6040,0.0965
6041,0.0964
6042,0.0962
6043,0.0961
6044,0.096
6045,0.0959
6046,0.0958
6047,0.0957
6048,0.0955
6049,0.0954
6050,0.0953
6051,0.0952
6052,0.0951
6053,0.095
6054,0.0949
6055,0.0948
6056,0.0947
6057,0.0945
6058,0.0944
6059,0.0943
6060,0.0942
6061,0.0941
6062,0.094
6063,0.0939
6064,0.0937
6065,0.0936
6066,0.0935
6067,0.0934
6068,0.0933
6069,0.0932
6070,0.0931
6071,0.093
6072,0.0929
6073,0.0928
6074,0.0927
6075,0.0925
6076,0.0924
6077,0.0923
6078,0.0922
6079,0.0921
6080,0.092
6081,0.0919
6082,0.0917
6083,0.0916
6084,0.0915
6085,0.0914
6086,0.0913
6087,0.0912
6088,0.0911
6089,0.091
6090,0.0909
6091,0.0907
6092,0.0906
6093,0.0904
6094,0.0903
6095,0.0902
6096,0.0901
6097,0.09
6098,0.0899
6099,0.0898
6100,0.0897
6101,0.0896
6102,0.0895
6103,0.0894
6104,0.0893
6105,0.0892
6106,0.089
6107,0.0888
6108,0.0887
6109,0.0886
6110,0.0884
6111,0.0883
6112,0.0882
6113,0.0881
6114,0.088
6115,0.0878
6116,0.0877
6117,0.0876
6118,0.0875
6119,0.0873
6120,0.0871
6121,0.087
6122,0.0869
6123,0.0868
6124,0.0867
6125,0.0866
6126,0.0865
6127,0.0864
6128,0.0863
6129,0.0862
6130,0.0861
6131,0.086
6132,0.0859
6133,0.0858
6134,0.0856
6135,0.0855
6136,0.0854
6137,0.0853
6138,0.0852
6139,0.0851
6140,0.085
6141,0.0849
6142,0.0848
6143,0.0847
6144,0.0846
6145,0.0845
6146,0.0844
6147,0.0843
6148,0.0842
6149,0.0841
6150,0.084
6151,0.0839
6152,0.0838
6153,0.0837
6154,0.0836
6155,0.0835
6156,0.0834
6157,0.0833
6158,0.0832
6159,0.083
6160,0.0828
6161,0.0827
6162,0.0826
6163,0.0825
6164,0.0824
6165,0.0823
6166,0.0822
6167,0.0821
6168,0.0819
6169,0.0818
6170,0.0817
6171,0.0816
6172,0.0815
6173,0.0814
6174,0.0813
6175,0.0812
6176,0.0811
6177,0.081
6178,0.0809
6179,0.0808
6180,0.0807
6181,0.0806
6182,0.0805
6183,0.0804
6184,0.0803
6185,0.0802
6186,0.08
6187,0.0799
6188,0.0798
6189,0.0797
6190,0.0796
6191,0.0795
6192,0.0794
6193,0.0793
6194,0.0792
6195,0.0791
6196,0.079
6197,0.0789
6198,0.0788
6199,0.0787
6200,0.0786
6201,0.0785
6202,0.0784
6203,0.0783
6204,0.0782
6205,0.0781
6206,0.078
6207,0.0779
6208,0.0777
6209,0.0776
6210,0.0775
6211,0.0774
6212,0.0773
6213,0.0772
6214,0.0771
6215,0.077
6216,0.0768
6217,0.0767
6218,0.0766
6219,0.0765
6220,0.0764
6221,0.0763
6222,0.0762
6223,0.0761
6224,0.0759
6225,0.0757
6226,0.0756
6227,0.0755
6228,0.0754
6229,0.0753
6230,0.0752
6231,0.075
6232,0.0749
6233,0.0748
6234,0.0747
6235,0.0746
6236,0.0744
6237,0.0743
6238,0.0742
6239,0.0741
6240,0.074
6241,0.0739
6242,0.0738
6243,0.0736
6244,0.0735
6245,0.0734
6246,0.0733
6247,0.0732
6248,0.0731
6249,0.073
6250,0.0728
6251,0.0727
6252,0.0726
6253,0.0725
6254,0.0724
6255,0.0723
6256,0.0722
6257,0.0721
6258,0.072
6259,0.0719
6260,0.0718
6261,0.0717
6262,0.0715
6263,0.0714
6264,0.0713
6265,0.0712
6266,0.0711
6267,0.0709
6268,0.0708
6269,0.0707
6270,0.0706
6271,0.0705
6272,0.0704
6273,0.0703
6274,0.0702
6275,0.0701
6276,0.07
6277,0.0699
6278,0.0698
6279,0.0696
6280,0.0695
6281,0.0694
6282,0.0693
6283,0.0692
6284,0.0691
6285,0.069
6286,0.0689
6287,0.0688
6288,0.0687
6289,0.0686
6290,0.0685
6291,0.0684
6292,0.0682
6293,0.0681
6294,0.068
6295,0.0679
6296,0.0678
6297,0.0677
6298,0.0676
6299,0.0675
6300,0.0674
6301,0.0673
6302,0.0672
6303,0.0671
6304,0.067
6305,0.0669
6306,0.0668
6307,0.0666
6308,0.0665
6309,0.0664
6310,0.0663
6311,0.0662
6312,0.0661
6313,0.066
6314,0.0659
6315,0.0658
6316,0.0657
6317,0.0656
6318,0.0655
6319,0.0653
6320,0.0652
6321,0.0651
6322,0.065
6323,0.0649
6324,0.0648
6325,0.0646
6326,0.0645
6327,0.0644
6328,0.0643
6329,0.0642
6330,0.0641
6331,0.064
6332,0.0639
6333,0.0638
6334,0.0637
6335,0.0636
6336,0.0635
6337,0.0634
6338,0.0633
6339,0.0632
6340,0.0631
6341,0.063
6342,0.0629
6343,0.0628
6344,0.0627
6345,0.0626
6346,0.0625
6347,0.0624
6348,0.0623
6349,0.0622
6350,0.0621
6351,0.062
6352,0.0619
6353,0.0617
6354,0.0616
6355,0.0615
6356,0.0614
6357,0.0613
6358,0.0612
6359,0.0611
6360,0.061
6361,0.0609
6362,0.0608
6363,0.0607
6364,0.0606
6365,0.0605
6366,0.0604
6367,0.0603
6368,0.0602
6369,0.0601
6370,0.06
6371,0.0599
6372,0.0598
6373,0.0597
6374,0.0596
6375,0.0595
6376,0.0594
6377,0.0593
6378,0.0592
6379,0.0591
6380,0.059
6381,0.0589
6382,0.0588
6383,0.0587
6384,0.0586
6385,0.0585
6386,0.0584
6387,0.0583
6388,0.0582
6389,0.0581
6390,0.058
6391,0.0579
6392,0.0578
6393,0.0577
6394,0.0576
6395,0.0575
6396,0.0574
6397,0.0573
6398,0.0572
6399,0.0571
6400,0.057
6401,0.0569
6402,0.0568
6403,0.0567
6404,0.0566
6405,0.0565
6406,0.0564
6407,0.0563
6408,0.0562
6409,0.0561
6410,0.056
6411,0.0559
6412,0.0558
6413,0.0556
6414,0.0555
6415,0.0554
6416,0.0553
6417,0.0552
6418,0.0551
6419,0.055
6420,0.0549
6421,0.0548
6422,0.0547
6423,0.0546
6424,0.0545
6425,0.0544
6426,0.0543
6427,0.0542
6428,0.0541
6429,0.054
6430,0.0539
6431,0.0538
6432,0.0537
6433,0.0536
6434,0.0535
6435,0.0534
6436,0.0533
6437,0.0532
6438,0.0531
6439,0.053
6440,0.0529
6441,0.0528
6442,0.0527
6443,0.0526
6444,0.0525
6445,0.0524
6446,0.0523
6447,0.0522
6448,0.0521
6449,0.052
6450,0.0518
6451,0.0517
6452,0.0516
6453,0.0515
6454,0.0514
6455,0.0513
6456,0.0512
6457,0.0511
6458,0.051
6459,0.0509
6460,0.0508
6461,0.0507
6462,0.0506
6463,0.0505
6464,0.0504
6465,0.0503
6466,0.0502
6467,0.0501
6468,0.05
6469,0.0499
6470,0.0498
6471,0.0497
6472,0.0496
6473,0.0495
6474,0.0494
6475,0.0493
6476,0.0492
6477,0.049
6478,0.0489
6479,0.0488
6480,0.0487
6481,0.0486
6482,0.0485
6483,0.0484
6484,0.0483
6485,0.0482
6486,0.0481
6487,0.048
6488,0.0479
6489,0.0478
6490,0.0477
6491,0.0476
6492,0.0475
6493,0.0474
6494,0.0473
6495,0.0472
6496,0.0471
6497,0.047
6498,0.0469
6499,0.0468
6500,0.0467
6501,0.0466
6502,0.0464
6503,0.0463
6504,0.0462
6505,0.0461
6506,0.046
6507,0.0459
6508,0.0458
6509,0.0457
6510,0.0456
6511,0.0455
6512,0.0454
6513,0.0453
6514,0.0452
6515,0.0451
6516,0.045
6517,0.0449
6518,0.0448
6519,0.0447
6520,0.0446
6521,0.0445
6522,0.0444
6523,0.0443
6524,0.0442
6525,0.0441
6526,0.044
6527,0.0438
6528,0.0437
6529,0.0436
6530,0.0435
6531,0.0434
6532,0.0433
6533,0.0432
6534,0.0431
6535,0.043
6536,0.0429
6537,0.0428
6538,0.0426
6539,0.0425
6540,0.0424
6541,0.0423
6542,0.0422
6543,0.0421
6544,0.042
6545,0.0419
6546,0.0418
6547,0.0417
6548,0.0416
6549,0.0415
6550,0.0414
6551,0.0413
6552,0.0412
6553,0.0411
6554,0.041
6555,0.0409
6556,0.0408
6557,0.0407
6558,0.0406
6559,0.0405
6560,0.0404
6561,0.0403
6562,0.0402
6563,0.0401
6564,0.04
6565,0.0399
6566,0.0398
6567,0.0397
6568,0.0396
6569,0.0395
6570,0.0394
6571,0.0392
6572,0.0391
6573,0.039
6574,0.0389
6575,0.0388
6576,0.0387
6577,0.0386
6578,0.0385
6579,0.0384
6580,0.0382
6581,0.0381
6582,0.038
6583,0.0379
6584,0.0378
6585,0.0377
6586,0.0376
6587,0.0375
6588,0.0374
6589,0.0373
6590,0.0372
6591,0.0371
6592,0.037
6593,0.0369
6594,0.0368
6595,0.0367
6596,0.0366
6597,0.0365
6598,0.0364
6599,0.0363
6600,0.0362
6601,0.0361
6602,0.036
6603,0.0359
6604,0.0358
6605,0.0357
6606,0.0356
6607,0.0355
6608,0.0354
6609,0.0353
6610,0.0352
6611,0.0351
6612,0.035
6613,0.0349
6614,0.0348
6615,0.0347
6616,0.0346
6617,0.0345
6618,0.0344
6619,0.0343
6620,0.0342
6621,0.0341
6622,0.034
6623,0.0339
6624,0.0338
6625,0.0337
6626,0.0336
6627,0.0335
6628,0.0334
6629,0.0333
6630,0.0332
6631,0.0331
6632,0.033
6633,0.0329
6634,0.0328
6635,0.0327
6636,0.0326
6637,0.0325
6638,0.0324
6639,0.0323
6640,0.0322
6641,0.0321
6642,0.032
6643,0.0319
6644,0.0318
6645,0.0317
6646,0.0316
6647,0.0315
6648,0.0314
6649,0.0313
6650,0.0312
6651,0.0311
6652,0.031
6653,0.0309
6654,0.0308
6655,0.0307
6656,0.0306
6657,0.0305
6658,0.0304
6659,0.0303
6660,0.0302
6661,0.0301
6662,0.03
6663,0.0299
6664,0.0298
6665,0.0297
6666,0.0296
6667,0.0295
6668,0.0294
6669,0.0293
6670,0.0292
6671,0.0291
6672,0.029
6673,0.0289
6674,0.0288
6675,0.0287
6676,0.0286
6677,0.0285
6678,0.0283
6679,0.0281
6680,0.028
6681,0.0279
6682,0.0278
6683,0.0277
6684,0.0276
6685,0.0275
6686,0.0274
6687,0.0273
6688,0.0272
6689,0.0271
6690,0.027
6691,0.0269
6692,0.0268
6693,0.0267
6694,0.0266
6695,0.0265
6696,0.0264
6697,0.0263
6698,0.0262
6699,0.0261
6700,0.026
6701,0.0259
6702,0.0258
6703,0.0257
6704,0.0256
6705,0.0255
6706,0.0254
6707,0.0253
6708,0.0252
6709,0.0251
6710,0.025
6711,0.0249
6712,0.0248
6713,0.0247
6714,0.0246
6715,0.0245
6716,0.0244
6717,0.0243
6718,0.0242
6719,0.0241
6720,0.024
6721,0.0239
6722,0.0238
6723,0.0237
6724,0.0236
6725,0.0235
6726,0.0234
6727,0.0233
6728,0.0231
6729,0.023
6730,0.0229
6731,0.0228
6732,0.0227
6733,0.0226
6734,0.0225
6735,0.0224
6736,0.0223
6737,0.0222
6738,0.0221
6739,0.022
6740,0.0219
6741,0.0218
6742,0.0217
6743,0.0216
6744,0.0215
6745,0.0214
6746,0.0213
6747,0.0212
6748,0.0211
6749,0.021
6750,0.0209
6751,0.0208
6752,0.0206
6753,0.0205
6754,0.0204
6755,0.0202
6756,0.0201
6757,0.02
6758,0.0199
6759,0.0198
6760,0.0197
6761,0.0196
6762,0.0195
6763,0.0194
6764,0.0193
6765,0.0192
6766,0.0191
6767,0.019
6768,0.0189
6769,0.0188
6770,0.0187
6771,0.0186
6772,0.0185
6773,0.0184
6774,0.0183
6775,0.0182
6776,0.0181
6777,0.018
6778,0.0179
6779,0.0178
6780,0.0177
6781,0.0176
6782,0.0175
6783,0.0174
6784,0.0173
6785,0.0172
6786,0.0171
6787,0.017
6788,0.0169
6789,0.0168
6790,0.0167
6791,0.0166
6792,0.0165
6793,0.0164
6794,0.0163
6795,0.0162
6796,0.0161
6797,0.016
6798,0.0159
6799,0.0158
6800,0.0157
6801,0.0156
6802,0.0155
6803,0.0154
6804,0.0153
6805,0.0152
6806,0.0151
6807,0.015
6808,0.0149
6809,0.0148
6810,0.0147
6811,0.0146
6812,0.0145
6813,0.0144
6814,0.0143
6815,0.0142
6816,0.0141
6817,0.014
6818,0.0139
6819,0.0138
6820,0.0137
6821,0.0136
6822,0.0135
6823,0.0134
6824,0.0133
6825,0.0132
6826,0.0131
6827,0.013
6828,0.0129
6829,0.0128
6830,0.0127
6831,0.0126
6832,0.0125
6833,0.0124
6834,0.0123
6835,0.0122
6836,0.0121
6837,0.012
6838,0.0118
6839,0.0117
6840,0.0116
6841,0.0115
6842,0.0114
6843,0.0113
6844,0.0112
6845,0.0111
6846,0.011
6847,0.0109
6848,0.0108
6849,0.0107
6850,0.0106
6851,0.0105
6852,0.0104
6853,0.0103
6854,0.0102
6855,0.0101
6856,0.01
6857,0.0099
6858,0.0098
6859,0.0097
6860,0.0096
6861,0.0095
6862,0.0094
6863,0.0093
6864,0.0092
6865,0.0091
6866,0.009
6867,0.0089
6868,0.0088
6869,0.0087
6870,0.0086
6871,0.0085
6872,0.0084
6873,0.0083
6874,0.0082
6875,0.0081
6876,0.008
6877,0.0079
6878,0.0078
6879,0.0077
6880,0.0076
6881,0.0075
6882,0.0074
6883,0.0073
6884,0.0072
6885,0.0071
6886,0.007
6887,0.0069
6888,0.0068
6889,0.0067
6890,0.0066
6891,0.0065
6892,0.0064
6893,0.0063
6894,0.0062
6895,0.0061
6896,0.006
6897,0.0059
6898,0.0058
6899,0.0057
6900,0.0056
6901,0.0055
6902,0.0054
6903,0.0053
6904,0.0052
6905,0.0051
6906,0.005
6907,0.0049
6908,0.0048
6909,0.0047
6910,0.0046
6911,0.0045
6912,0.0044
6913,0.0043
6914,0.0042
6915,0.0041
6916,0.004
6917,0.0039
6918,0.0038
6919,0.0037
6920,0.0036
6921,0.0035
6922,0.0034
6923,0.0033
6924,0.0032
6925,0.0031
6926,0.003
6927,0.0029
6928,0.0028
6929,0.0027
6930,0.0026
6931,0.0025
6932,0.0024
6933,0.0023
6934,0.0022
6935,0.0021
6936,0.002
6937,0.0019
6938,0.0018
6939,0.0017
6940,0.0016
6941,0.0015
6942,0.0014
6943,0.0013
6944,0.0012
6945,0.0011
6946,0.001
6947,0.0009
6948,0.0008
6949,0.0007
6950,0.0006
6951,0.0005
6952,0.0004
6953,0.0003
6954,0.0002
6955,0.0001
